"","p_val","avg_log2FC","pct.1","pct.2","p_val_adj"
"TYROBP",0,6.55404974366246,0.971,0.05,0
"LYZ",0,7.59371972760585,0.952,0.076,0
"CST3",0,5.82083636514273,0.962,0.086,0
"FCER1G",0,5.24738179971638,0.941,0.069,0
"HLA-DRA",0,5.02107429687325,0.946,0.111,0
"S100A9",0,7.49876018251573,0.909,0.078,0
"FCN1",0,7.78698694375128,0.828,0.017,0
"LST1",0,5.31008913297432,0.87,0.075,0
"CD3E",0,-3.74661640169489,0.146,0.941,0
"SERPINA1",0,7.74172923429651,0.8,0.01,0
"CSTA",0,8.54835566748387,0.794,0.006,0
"S100A8",0,8.27122100522253,0.893,0.106,0
"SPI1",0,6.92340293942988,0.788,0.013,0
"TYMP",0,4.86509046725733,0.879,0.109,0
"HLA-DRB1",0,4.20505019250011,0.911,0.149,0
"MNDA",0,7.29174613112297,0.755,0.012,0
"CD14",0,7.98684395897062,0.75,0.007,0
"IL32",0,-3.47176756183333,0.187,0.927,0
"AIF1",0,4.61641838317842,0.919,0.185,0
"LTB",0,-3.83600418725091,0.217,0.942,0
"PTPRCAP",0,-3.16829246510182,0.155,0.862,0
"CD68",0,5.32109808023461,0.732,0.028,0
"MS4A6A",0,5.90151122954477,0.719,0.017,0
"CD3D",0,-3.51045059540006,0.116,0.816,0
"VCAN",0,7.70314461568828,0.707,0.009,0
"IL7R",0,-3.84141604944523,0.116,0.806,0
"GRN",0,4.2817115748102,0.77,0.08,0
"LGALS1",0,3.69984594057213,0.913,0.226,0
"S100A12",0,8.43275712840767,0.696,0.009,0
"KLF4",0,5.9292633898931,0.701,0.026,0
"IFITM3",0,4.85178012877924,0.834,0.161,0
"CLEC7A",0,8.07200434853116,0.672,0.005,0
"RGS2",0,4.19731393178213,0.775,0.11,0
"LGALS3",0,3.93270631066668,0.741,0.084,0
"CYBB",0,5.9174624624696,0.672,0.018,0
"FGR",0,6.50636279654499,0.664,0.011,0
"CFD",0,5.91715132096003,0.677,0.026,0
"FGL2",0,6.00143284603734,0.67,0.021,0
"CTSS",0,4.27091276171181,0.901,0.271,0
"RNF130",0,4.07524769594645,0.693,0.072,0
"HLA-DMA",0,4.08713990751763,0.684,0.065,0
"GPX1",0,3.58848475724974,0.827,0.214,0
"CSF3R",0,7.78197077274574,0.616,0.005,0
"NCF2",0,6.9398958498266,0.62,0.009,0
"IGSF6",0,6.99515618153069,0.614,0.009,0
"PLAUR",0,6.73346941073895,0.618,0.013,0
"TNFSF13B",0,4.22012555142095,0.664,0.061,0
"HLA-DPA1",0,3.64657309107684,0.842,0.24,0
"NAMPT",0,4.14357587232952,0.68,0.084,0
"ZEB2",0,4.99251360620993,0.625,0.029,0
"LCK",0,-3.55576202045859,0.093,0.683,0
"EVL",0,-2.86397715849064,0.246,0.836,0
"TNFAIP2",0,7.49018370666436,0.595,0.005,0
"PYCARD",0,3.28206413963325,0.784,0.195,0
"LILRB2",0,6.58375788260995,0.578,0.008,0
"GLUL",0,3.93158562241218,0.665,0.097,0
"NCF1",0,3.85682789289349,0.762,0.197,0
"TCF7",0,-4.01913180400601,0.068,0.631,0
"APLP2",0,3.93341675879167,0.629,0.068,0
"LYN",0,4.94659345544991,0.579,0.02,0
"HLA-DPB1",0,3.42726995610699,0.835,0.277,0
"FPR1",0,8.1181479508889,0.558,0.003,0
"RAB31",0,6.00454732080898,0.566,0.012,0
"CEBPD",0,6.69510229707876,0.56,0.008,0
"BLVRB",0,4.27243263014351,0.603,0.051,0
"LGALS2",0,7.73525035864433,0.555,0.006,0
"IFITM1",0,-2.43615450248488,0.41,0.959,0
"CPVL",0,7.28826676762412,0.551,0.006,0
"NPC2",0,3.10526299216154,0.863,0.324,0
"PSAP",0,3.40370725725411,0.916,0.379,0
"AP1S2",0,3.21084952505505,0.723,0.186,0
"CFP",0,3.9345856376905,0.6,0.066,0
"FAM26F",0,4.87427110343831,0.575,0.043,0
"CD69",0,-2.73527275380012,0.24,0.768,0
"HCK",0,6.90059242996919,0.533,0.006,0
"CD302",0,5.84391567629397,0.538,0.013,0
"ASAH1",0,2.86950273490511,0.692,0.169,0
"HLA-DQB1",0,4.20819177343291,0.574,0.054,0
"CD3G",0,-3.54784917268893,0.078,0.594,0
"MAL",0,-4.21880483063341,0.052,0.568,0
"ODF3B",0,3.58750340845134,0.586,0.071,0
"CD7",0,-3.01752747971993,0.142,0.656,0
"CTSB",0,3.12981307084447,0.709,0.196,0
"CLEC12A",0,7.5906800712969,0.516,0.004,0
"FCGRT",0,2.94746456613981,0.642,0.132,0
"PILRA",0,7.35438030155459,0.511,0.004,0
"IFI30",0,6.73091160921017,0.515,0.008,0
"PTPRE",0,3.48568070628927,0.574,0.067,0
"PLEK",0,3.51884628779815,0.555,0.049,0
"LY86",0,6.30527728491066,0.511,0.008,0
"IL2RG",0,-2.39896730669886,0.261,0.764,0
"WARS",0,4.23292082751074,0.557,0.054,0
"LINC00936",0,3.30938144098227,0.673,0.172,0
"CD36",0,6.1248175404543,0.513,0.012,0
"CDKN1A",0,4.03083983859668,0.557,0.057,0
"LAT",0,-3.30237817831039,0.103,0.602,0
"LEF1",0,-4.19928599494062,0.052,0.55,0
"HLA-DMB",0,4.75069683249475,0.52,0.025,0
"CAMK4",0,-4.22596910296155,0.049,0.543,0
"SLC11A1",0,6.09352476710013,0.505,0.011,0
"GNAI2",0,2.55941568229956,0.682,0.191,0
"AGTRAP",0,3.36879878816531,0.585,0.094,0
"CAPG",0,2.88343250949698,0.601,0.113,0
"SAT1",0,3.49175328096517,0.955,0.467,0
"FCGR1A",0,8.40493189111118,0.487,0.002,0
"MPEG1",0,4.3774877730955,0.501,0.017,0
"ANXA2",0,2.31449080365887,0.702,0.219,0
"SPOCK2",0,-3.72490132516059,0.073,0.553,0
"CTSD",0,2.94640876115211,0.75,0.27,0
"HSBP1",0,2.95709080011043,0.588,0.109,0
"HLA-DQA1",0,4.01772616437438,0.535,0.057,0
"STXBP2",0,2.82574052296812,0.668,0.191,0
"PGD",0,3.31395697432905,0.573,0.096,0
"MS4A7",0,7.42958340527594,0.481,0.004,0
"SEPT1",0,-3.08596936368181,0.102,0.579,0
"AP2S1",0,2.37802464030943,0.744,0.269,0
"LINC00861",0,-3.74070496866762,0.074,0.546,0
"BRI3",0,3.74676708356077,0.53,0.059,0
"SLC7A7",0,7.32417027655732,0.475,0.004,0
"IFNGR2",0,2.97150124250972,0.578,0.109,0
"ATP6V0B",0,2.30891366001166,0.758,0.29,0
"MEF2C",0,4.47753513822388,0.486,0.019,0
"S100A11",0,2.94554763609875,0.951,0.485,0
"FLT3LG",0,-3.09171306494439,0.146,0.611,0
"MYO1F",0,2.53617362975633,0.589,0.126,0
"KLF10",0,3.24969323836204,0.541,0.081,0
"SNX10",0,3.82286360198021,0.511,0.053,0
"CARD16",0,2.41920181811797,0.753,0.295,0
"CTSH",0,3.42981200846745,0.512,0.055,0
"MAFB",0,7.99414896316179,0.461,0.004,0
"C19orf38",0,6.43806553578304,0.464,0.007,0
"TKT",0,2.85258064396289,0.76,0.308,0
"LDHB",0,-2.42640627154104,0.473,0.921,0
"CD2",0,-3.41129402408066,0.087,0.534,0
"C12orf57",0,-1.89710557223677,0.409,0.855,0
"THEMIS2",0,3.17911417044585,0.523,0.078,0
"GSTP1",0,2.672166330988,0.856,0.411,0
"FCMR",0,-3.7304090648662,0.066,0.509,0
"LGALS9",0,2.62274447233094,0.561,0.119,0
"SOD2",0,2.5367085904086,0.709,0.267,0
"PLBD1",0,8.22795630679193,0.443,0.002,0
"AES",0,-2.17504336823623,0.397,0.838,0
"LAP3",0,2.8285681905339,0.568,0.128,0
"CD63",0,2.73138908021369,0.591,0.151,0
"HLA-DRB5",0,3.11174484516164,0.514,0.075,0
"ALDH2",0,5.71641938563511,0.451,0.012,0
"CD247",0,-3.18546434506106,0.079,0.517,0
"RHOB",0,3.89973821848983,0.499,0.061,0
"CTSZ",0,4.86212895626346,0.46,0.023,0
"ANXA5",0,2.04956479229768,0.721,0.285,0
"GCA",0,3.6225496874711,0.486,0.053,0
"CD27",0,-4.03445601061986,0.047,0.48,0
"MAP3K8",0,3.32980589102396,0.495,0.063,0
"ATOX1",0,2.51213469097271,0.585,0.154,0
"C4orf48",0,1.8982135350965,0.702,0.275,0
"ATF3",0,4.2159206939866,0.459,0.033,0
"TALDO1",0,2.40552942834784,0.738,0.314,0
"RP11-1143G9.4",0,8.8718811484223,0.423,0.002,0
"CPPED1",0,4.51090232623235,0.445,0.025,0
"CASP1",0,2.28998848566932,0.591,0.173,0
"ZNF385A",0,6.73715672802362,0.423,0.005,0
"GLRX",0,2.13900089764442,0.653,0.236,0
"RAC1",0,2.15537169974576,0.846,0.429,0
"PLXDC2",0,7.09889067577549,0.42,0.003,0
"PLSCR1",0,2.83023541707232,0.502,0.087,0
"TIMP1",0,2.09123377230215,0.709,0.295,0
"C10orf54",0,1.99991127430218,0.726,0.312,0
"LILRB3",0,7.59954366146147,0.417,0.003,0
"GSTO1",0,2.28053712162565,0.591,0.179,0
"EFHD2",0,3.41833138642095,0.463,0.052,0
"AQP3",0,-4.41268338885767,0.038,0.449,0
"TRBC2",0,-3.14558232555772,0.089,0.499,0
"RHOH",0,-3.37725501078936,0.072,0.48,0
"VMP1",0,2.35517545783086,0.578,0.171,0
"TNFRSF1B",0,2.21063795675434,0.544,0.139,0
"ABLIM1",0,-3.62987318221205,0.066,0.47,0
"DMXL2",0,5.71477111862567,0.415,0.011,0
"CD300E",0,7.62664590002382,0.407,0.003,0
"LILRA5",0,6.8083001061113,0.409,0.005,0
"CD6",0,-3.90960669400238,0.053,0.456,0
"CECR1",0,2.63588816533933,0.513,0.11,0
"SDCBP",0,2.22305187483074,0.624,0.222,0
"ATP6V0D1",0,2.47433852075074,0.527,0.125,0
"GRINA",0,2.27022584466909,0.562,0.161,0
"JAML",0,2.38120896559034,0.528,0.127,0
"BCL2A1",0,2.96327687467712,0.522,0.121,0
"PIK3IP1",0,-3.08748224316747,0.101,0.501,0
"NUP214",0,2.80907026135509,0.481,0.081,0
"C1orf162",0,1.90760169679639,0.73,0.332,0
"NEAT1",0,2.84315635110589,0.948,0.55,0
"FCGR2A",0,7.35314476692832,0.4,0.003,0
"ZAP70",0,-3.36670284413458,0.068,0.463,0
"CLEC4A",0,6.38025425524058,0.402,0.007,0
"TMEM176B",0,8.12104903269416,0.396,0.002,0
"OCIAD2",0,-3.17283693016635,0.076,0.47,0
"SRGN",0,2.46603974460519,0.928,0.535,0
"MT2A",0,2.62113691963514,0.796,0.403,0
"PRELID1",0,2.22216798975773,0.765,0.374,0
"ID2",0,2.47535016013631,0.596,0.206,0
"STX11",0,3.9934696679105,0.422,0.032,0
"ASGR1",0,8.07716018129362,0.392,0.002,0
"H2AFY",0,2.07368449409417,0.574,0.184,0
"KCTD12",0,5.97830317103548,0.398,0.009,0
"CRTAP",0,2.1998320035283,0.561,0.173,0
"LYST",0,2.85895098916677,0.463,0.075,0
"CCL3",0,8.29553532921537,0.393,0.005,0
"LRRC25",0,6.68296909396491,0.393,0.005,0
"SCO2",0,3.93280488614209,0.424,0.037,0
"RAB24",0,2.40623709502496,0.507,0.121,0
"TNFSF10",0,2.57209404090507,0.525,0.141,0
"DUSP6",0,4.75542343975091,0.407,0.023,0
"NOP10",0,1.81614119731852,0.69,0.306,0
"NOSIP",0,-2.25076826303548,0.322,0.706,0
"LRP1",0,5.89282281785407,0.391,0.008,0
"CD86",0,6.91490255115511,0.387,0.005,0
"NAIP",0,3.71241910360735,0.414,0.033,0
"IER3",0,4.1047517181434,0.428,0.047,0
"TGFBI",0,4.72465161766577,0.395,0.015,0
"SYK",0,5.01497916974572,0.391,0.013,0
"SMCO4",0,4.4058786255494,0.403,0.026,0
"CEBPB",0,3.23489854375184,0.445,0.069,0
"GNG5",0,1.84261651435693,0.814,0.438,0
"JUND",0,1.87117214262453,0.692,0.316,0
"PAK1",0,3.95816829767144,0.404,0.029,0
"MARCH1",0,5.73707117701657,0.382,0.008,0
"CD33",0,7.55844308631051,0.377,0.003,0
"MGAT4A",0,-2.24903097588819,0.162,0.535,0
"GLIPR2",0,2.05467787238578,0.538,0.165,0
"PRAM1",0,6.95594075879976,0.377,0.004,0
"IL1B",0,9.25462355083008,0.371,0.001,0
"EIF4EBP1",0,3.47557660522527,0.416,0.046,0
"LY96",0,3.13215259833388,0.439,0.069,0
"SKAP1",0,-3.46787141016623,0.061,0.429,0
"TCIRG1",0,1.73627399074063,0.596,0.23,0
"SGK1",0,3.75741285581864,0.419,0.055,0
"ITM2A",0,-3.59721255358435,0.055,0.419,0
"BLVRA",0,2.59743037122667,0.465,0.102,0
"POMP",0,1.77933571065378,0.673,0.311,0
"CCL3L3",0,7.60845537130723,0.366,0.004,0
"ETV6",0,2.8625935728294,0.433,0.073,0
"C5AR1",0,7.29522428439446,0.362,0.003,0
"DNAJB1",0,-0.528534938291789,0.334,0.693,0
"CNPY3",0,1.61277362834174,0.652,0.294,0
"VAMP5",0,2.26092692041532,0.616,0.258,0
"GLIPR1",0,1.70290450743752,0.578,0.22,0
"CREG1",0,3.49372996115307,0.399,0.043,0
"TC2N",0,-3.89116843311745,0.046,0.402,0
"ETS1",0,-2.98887022162149,0.08,0.436,0
"ARHGAP15",0,-2.66210487009431,0.162,0.517,0
"LBH",0,-3.13412724085083,0.074,0.428,0
"NAGK",0,2.57690851737469,0.44,0.086,0
"HMOX1",0,6.96813143651835,0.358,0.004,0
"SLC31A2",0,5.35600616425045,0.363,0.011,0
"RHOG",0,1.65728451385502,0.712,0.36,0
"ALOX5",0,4.89758992222849,0.363,0.012,0
"TRAPPC5",0,1.77004116260512,0.613,0.263,0
"AC006129.2",0,-3.4798018654143,0.057,0.407,0
"CD83",0,3.54316321965729,0.4,0.051,0
"CLIC1",0,1.82194960878505,0.837,0.488,0
"NR4A1",0,3.20895355476312,0.417,0.068,0
"CD5",0,-4.03848258109145,0.04,0.387,0
"POU2F2",0,2.13264098182539,0.475,0.128,0
"LRRK2",0,7.0467806372747,0.349,0.003,0
"TPP1",0,2.27519628121108,0.456,0.111,0
"MARCKS",0,7.37441777397101,0.347,0.003,0
"CDC25B",0,-3.17929383856963,0.079,0.423,0
"PGLS",0,1.61795542569713,0.668,0.325,0
"CCR7",0,-4.27261896700717,0.034,0.377,0
"LIME1",0,-3.74521588231713,0.049,0.391,0
"IQGAP1",0,1.52888991220528,0.606,0.264,0
"RASSF4",0,6.94246525685572,0.345,0.004,0
"TSPO",0,2.20978654284607,0.851,0.51,0
"SERPINB1",0,1.69456896875517,0.674,0.335,0
"MIDN",0,2.32373321089456,0.456,0.117,0
"TMEM167A",0,2.1206372089576,0.479,0.14,0
"MGST1",0,7.72098621062308,0.34,0.002,0
"SCPEP1",0,3.21238366983319,0.386,0.048,0
"SH3BP2",0,3.24721152565647,0.379,0.043,0
"FMNL1",0,1.81416096064865,0.502,0.166,0
"CLTA",0,1.69191903190637,0.544,0.209,0
"CXCL8",0,9.48612097977333,0.337,0.002,0
"GRB2",0,1.50225400416448,0.672,0.337,0
"TSTD1",0,-2.44793240837054,0.116,0.45,0
"LEPROTL1",0,-1.7239487867262,0.351,0.684,0
"ACAP1",0,-2.09218229166021,0.211,0.544,0
"PLEKHO1",0,3.16408061041773,0.385,0.052,0
"MXD1",0,3.295122967845,0.382,0.049,0
"TRAT1",0,-4.24481475306422,0.03,0.363,0
"LINC01272",0,6.77221174579377,0.335,0.003,0
"CTD-3252C9.4",0,2.57413444719873,0.437,0.105,0
"ATG3",0,1.82854973992539,0.508,0.177,0
"TNFSF13",0,5.76640750352267,0.338,0.007,0
"LAT2",0,5.08359018375037,0.34,0.01,0
"CAPNS1",0,2.49906107760915,0.413,0.084,0
"TBC1D10C",0,-2.37695438285243,0.153,0.481,0
"TBXAS1",0,4.05228952219169,0.349,0.022,0
"RILPL2",0,1.93879862198207,0.474,0.147,0
"ATP6V1F",0,1.60571155744155,0.683,0.357,0
"AOAH",0,4.40614537025112,0.342,0.016,0
"C20orf24",0,1.77004201723243,0.521,0.195,0
"ZFAND5",0,1.72111469249317,0.561,0.236,0
"BNIP3L",0,1.75289048730519,0.523,0.199,0
"LILRA2",0,8.06279545821335,0.325,0.002,0
"TXN",0,1.13547520798888,0.678,0.356,0
"SKAP2",0,3.58655379431423,0.355,0.033,0
"RETN",0,8.17311689574429,0.323,0.002,0
"MGAT1",0,1.7922801548956,0.486,0.165,0
"RCAN3",0,-2.97152040875647,0.082,0.402,0
"CSF1R",0,6.18128873920783,0.324,0.005,0
"ATP6V1B2",0,2.81515322430234,0.381,0.062,0
"PEBP1",0,-1.71322075305339,0.278,0.597,0
"RAB11FIP1",0,2.82612759479461,0.377,0.059,0
"HK3",0,7.34689458457373,0.32,0.003,0
"BID",0,2.30370544812562,0.413,0.096,0
"RAB32",0,6.45740096157367,0.319,0.003,0
"SNRPN",0,-2.5919760076985,0.107,0.423,0
"ARRB2",0,1.39381053074387,0.658,0.343,0
"PBXIP1",0,-2.96244465402345,0.085,0.399,0
"ADRBK1",0,1.77089560023274,0.465,0.152,0
"ISG20",0,-1.94114660945348,0.207,0.519,0
"GYPC",0,-1.6906789103873,0.287,0.599,0
"TRAF3IP3",0,-1.66636149868392,0.355,0.666,0
"PIM2",0,-2.84836275054674,0.094,0.405,0
"TXNDC17",0,1.83592255035077,0.459,0.148,0
"PECAM1",0,2.88642538820612,0.364,0.053,0
"FOSB",0,2.24665234315093,0.771,0.46,0
"CD52",0,-1.57445123843407,0.639,0.95,0
"DGKA",0,-2.70512787656902,0.105,0.415,0
"HNMT",0,8.43875924346767,0.31,0.001,0
"FKBP1A",0,1.61732554783273,0.747,0.438,0
"PRDX3",0,2.1188996184754,0.415,0.107,0
"PSMA4",0,1.65135812745458,0.513,0.206,0
"PLXNB2",0,5.5238152651397,0.316,0.009,0
"MTPN",0,1.459546705872,0.533,0.227,0
"LAMTOR1",0,1.49151628579635,0.639,0.333,0
"YBX3",0,4.31646615241088,0.325,0.019,0
"ITK",0,-3.89797348786624,0.041,0.346,0
"HERPUD1",0,1.31030319150131,0.558,0.254,0
"UBE2D1",0,2.23017956467719,0.409,0.105,0
"NUMB",0,2.37680610405969,0.386,0.082,0
"IFNGR1",0,2.61706411271713,0.372,0.069,0
"LTA4H",0,1.82115752635938,0.494,0.192,0
"CDA",0,8.27152456079373,0.302,0.001,0
"SAT2",0,1.60197581713833,0.49,0.189,0
"TIMP2",0,5.90574617183117,0.307,0.006,0
"NFKBIZ",0,1.55430809978116,0.588,0.288,0
"GZMM",0,-2.53055309992638,0.074,0.374,0
"ARPC5",0,1.38200695048199,0.704,0.404,0
"MFSD1",0,2.13403597018728,0.397,0.098,0
"LAMTOR2",0,1.6908016735561,0.477,0.179,0
"PRKCB",0,1.69885246752396,0.442,0.145,0
"RNH1",0,1.45445047477953,0.581,0.284,0
"RNASE6",0,3.28249597438865,0.318,0.021,0
"PARVG",0,1.7037003952781,0.439,0.143,0
"SEPT6",0,-1.82670171430853,0.252,0.547,0
"SCML4",0,-3.48591914187564,0.05,0.345,0
"ATG16L2",0,1.92723146123998,0.419,0.124,0
"CSTB",0,1.62658535574792,0.762,0.467,0
"ENY2",0,1.38389187649119,0.569,0.274,0
"CD300A",0,3.07189313740845,0.336,0.042,0
"GLTSCR2",0,-1.6244640807588,0.563,0.857,0
"SCIMP",0,6.81942158578189,0.296,0.003,0
"STAB1",0,6.99491927946492,0.295,0.003,0
"MSRB1",0,3.69581948802749,0.321,0.029,0
"SNHG8",0,-1.57103964587953,0.375,0.666,0
"COTL1",0,2.14284637939262,0.906,0.615,0
"DYNLT1",0,1.57354227369736,0.478,0.187,0
"PRKCD",0,3.00357273162175,0.334,0.044,0
"GBP1",0,1.89163302186588,0.436,0.147,0
"GAS7",0,6.59078763723514,0.293,0.004,0
"UBXN11",0,1.49245019564889,0.446,0.158,0
"FOSL2",0,3.55918790864381,0.322,0.034,0
"SULT1A1",0,2.9511383278372,0.335,0.047,0
"LTBR",0,6.81935967582006,0.291,0.003,0
"PTP4A2",0,1.35922787714077,0.534,0.247,0
"NOTCH2",0,2.6930338225104,0.338,0.051,0
"PPT1",0,1.60099459659312,0.476,0.189,0
"SEC11A",0,1.2952131918448,0.632,0.346,0
"MOB1A",0,1.38377427660858,0.51,0.225,0
"VAMP8",0,1.39579287104038,0.756,0.471,0
"CMTM6",0,1.21169318185735,0.513,0.228,0
"MANBA",0,2.0761936406727,0.375,0.09,0
"CYBA",0,1.82296369699172,0.878,0.593,0
"ARAP1",0,2.39973698115069,0.361,0.076,0
"PRDX2",0,-1.80992352832505,0.214,0.498,0
"CAST",0,1.18668340328427,0.602,0.318,0
"BST2",0,1.21710871309293,0.612,0.328,0
"TGFB1",0,1.33402912339539,0.512,0.229,0
"BST1",0,7.37731624546751,0.286,0.003,0
"CLEC4E",0,8.72190673811802,0.284,0.001,0
"VASP",0,1.512678401733,0.479,0.196,0
"COMT",0,1.69429285366415,0.428,0.146,0
"DYNLL1",0,1.39045660436877,0.586,0.304,0
"FES",0,5.75251475347478,0.289,0.007,0
"IFI6",0,1.65036139164459,0.522,0.241,0
"FCGR1B",0,8.33837166012139,0.281,0.001,0
"ITGB2",0,1.74304351582907,0.849,0.569,0
"TMEM176A",0,7.64458294287739,0.282,0.002,0
"SOD1",0,-1.27124644843072,0.47,0.749,0
"TLN1",0,1.49312813960351,0.437,0.159,0
"H2AFJ",0,1.48838174922831,0.486,0.208,0
"RP5-1171I10.5",0,1.57519636551137,0.403,0.125,0
"NINJ1",0,1.75922261017642,0.444,0.167,0
"PARP14",0,2.16966338583138,0.351,0.074,0
"NDUFB1",0,1.30220257990869,0.688,0.412,0
"ITGAM",0,5.09248358978763,0.285,0.009,0
"HMGN1",0,-1.08953106577037,0.412,0.687,0
"IRF7",0,0.865315112421549,0.46,0.185,0
"ITGAX",0,6.26761855102247,0.279,0.004,0
"RBM47",0,5.78209559948529,0.282,0.007,0
"TPI1",0,1.44797850807417,0.809,0.535,0
"ANPEP",0,8.28364755814058,0.275,0.001,0
"TPM4",0,1.54029334171036,0.43,0.156,0
"SUPT4H1",0,1.3454080940558,0.495,0.222,0
"HIF1A",0,1.48087880989215,0.474,0.201,0
"PTPN6",0,1.23425741599999,0.56,0.288,0
"PHF1",0,-2.64123229289088,0.086,0.357,0
"QKI",0,2.93084755108919,0.316,0.045,0
"CLEC2D",0,-2.55196120663999,0.095,0.366,0
"SMAP2",0,1.7183266189183,0.395,0.125,0
"LAPTM4A",0,1.51367944485681,0.463,0.194,0
"ZYX",0,1.23295467077098,0.653,0.384,0
"HN1",0,1.4563417431851,0.477,0.208,0
"RNF181",0,1.30575511497823,0.515,0.247,0
"BIN1",0,-2.36269462198045,0.114,0.382,0
"NUDT16",0,2.96998660360459,0.307,0.039,0
"GK",0,3.56646679022564,0.298,0.03,0
"GPBAR1",0,7.19268552440826,0.269,0.002,0
"SRA1",0,1.75137075802743,0.403,0.136,0
"AHNAK",0,0.921295600449822,0.648,0.381,0
"PSIP1",0,-2.03051433190451,0.171,0.437,0
"RXRA",0,5.11797186852785,0.274,0.008,0
"RPS4Y1",0,-1.3368176565242,0.541,0.807,0
"CTSA",0,1.22925029655936,0.466,0.201,0
"NCF4",0,2.0772023526687,0.338,0.073,0
"HIST1H4C",0,-1.52983817993311,0.339,0.604,0
"IRF8",0,1.64905668428686,0.287,0.022,0
"HIST2H2AA4",0,2.25003815950578,0.354,0.09,0
"FBXL5",0,1.52322720149781,0.43,0.167,0
"EEF1G",0,-1.70031500652945,0.669,0.932,0
"SLC43A2",0,5.0221768074779,0.272,0.009,0
"AKR1A1",0,1.40447171143075,0.446,0.184,0
"LILRB1",0,5.27159856952676,0.27,0.008,0
"PTAFR",0,7.36288515127829,0.262,0.001,0
"NCOA4",0,1.46712132184713,0.424,0.163,0
"TECR",0,-1.70808375695814,0.235,0.496,0
"LILRB4",0,3.79276930958006,0.275,0.014,0
"IL17RA",0,1.39979520526477,0.436,0.175,0
"CXCR4",0,-1.28785595037134,0.319,0.58,0
"OGFRL1",0,4.20408769690457,0.275,0.015,0
"CSF2RA",0,5.41482687365808,0.268,0.008,0
"EVI2B",0,1.22082343892421,0.589,0.329,0
"SLC16A3",0,3.68992714980474,0.287,0.027,0
"IER5",0,3.23833289765896,0.327,0.068,0
"CCDC88A",0,3.12897926568042,0.289,0.03,0
"NRROS",0,2.68532452492185,0.306,0.047,0
"HACD4",0,1.5541517108475,0.43,0.171,0
"C9orf72",0,2.74981413188867,0.306,0.047,0
"TIMM8B",0,1.7358931432628,0.388,0.129,0
"SIRPA",0,7.98350047962325,0.26,0.001,0
"THEM4",0,-3.25991283185427,0.055,0.313,0
"DOK3",0,7.72183659497809,0.26,0.002,0
"JAK2",0,2.83176739144734,0.295,0.038,0
"SHTN1",0,5.56248008057371,0.263,0.006,0
"PCED1B",0,-3.4391780960652,0.045,0.302,0
"PSMB3",0,1.23907892147069,0.647,0.39,0
"REEP5",0,1.18871104371595,0.485,0.229,0
"CIRBP",0,-1.28323112828177,0.621,0.877,0
"UBE2L6",0,1.26482702416486,0.596,0.34,0
"GNAS",0,1.04529395706199,0.572,0.316,0
"GABARAPL1",0,2.3271270379686,0.337,0.082,0
"EPSTI1",0,1.53360281850022,0.384,0.129,0
"SNX3",0,1.21331825743289,0.585,0.33,0
"NLRP3",0,6.24686756659682,0.258,0.004,0
"MPP1",0,2.92856570113977,0.292,0.038,0
"TMEM205",0,2.09851529433355,0.339,0.085,0
"NAA38",0,1.18967598998534,0.551,0.298,0
"IFI27L2",0,1.40317348361522,0.441,0.189,0
"FAM96A",0,1.2915078615474,0.465,0.214,0
"GSN",0,3.56541967252387,0.269,0.019,0
"SLC38A1",0,-2.99064448059763,0.069,0.319,0
"GBP2",0,1.20210385736407,0.473,0.223,0
"CD96",0,-3.50294013315506,0.041,0.291,0
"HEBP1",0,1.89540874118287,0.346,0.096,0
"RBX1",0,1.06136038850835,0.592,0.342,0
"MYD88",0,1.65354622082481,0.365,0.116,0
"SLC25A37",0,2.21386705735483,0.318,0.069,0
"NRG1",0,7.84917965185427,0.25,0.001,0
"NADK",0,3.04479333606589,0.286,0.037,0
"LDLRAP1",0,-2.97676778030722,0.062,0.31,0
"SH3YL1",0,-3.21133747934806,0.05,0.298,0
"SLC8A1",0,7.25515967925018,0.25,0.002,0
"IRAK3",0,6.69916204094138,0.25,0.002,0
"C14orf2",0,1.24822887442231,0.801,0.553,0
"FOXP1",0,-1.55180368210803,0.283,0.53,0
"SEC61B",0,0.862893897346866,0.732,0.485,0
"TRAC",0,-3.17833243423022,0.047,0.294,0
"TMEM219",0,1.08033250701591,0.636,0.389,0
"YWHAE",0,1.29591084310206,0.449,0.202,0
"SH2B3",0,3.68370087175446,0.268,0.022,0
"DBI",0,1.14733690599617,0.695,0.449,0
"MCL1",0,1.25666473558688,0.782,0.537,0
"STX10",0,1.264111020165,0.441,0.196,0
"DOCK8",0,1.11361770893352,0.459,0.215,0
"RTN3",0,1.64851717853034,0.375,0.131,0
"UQCRQ",0,1.12611017966612,0.71,0.466,0
"CAPZA2",0,1.3040544672975,0.451,0.208,0
"RASA3",0,-2.25192923083805,0.119,0.362,0
"HOTAIRM1",0,2.29575849103855,0.3,0.058,0
"NAPRT",0,1.66507588007289,0.359,0.117,0
"SF1",0,-1.20734028791613,0.54,0.782,0
"ADD3",0,-1.54279283246983,0.262,0.504,0
"EPC1",0,-1.34112515676474,0.381,0.622,0
"LCP1",0,1.12099545138971,0.736,0.495,0
"KIAA0930",0,4.42779736656138,0.254,0.013,0
"MYADM",0,1.14108192685916,0.54,0.3,0
"PTCH2",0,3.53477103289422,0.276,0.036,0
"TMC8",0,-1.95916754442684,0.163,0.403,0
"PSTPIP2",0,3.34785052305398,0.267,0.027,0
"NPM1",0,-1.44261074695594,0.683,0.923,0
"PICALM",0,2.65605816655692,0.284,0.044,0
"CASP4",0,1.1424692270724,0.506,0.266,0
"RGS19",0,1.12634124894704,0.486,0.246,0
"ACTR2",0,0.970778819395948,0.555,0.316,0
"EIF4B",0,-1.24911194051165,0.446,0.685,0
"FLNA",0,0.862424552178878,0.633,0.394,0
"GPCPD1",0,1.54840020775818,0.367,0.128,0
"RTN4",0,1.0446673445512,0.524,0.286,0
"COX8A",0,1.26899749502596,0.822,0.584,0
"SNX2",0,1.31293820532293,0.403,0.166,0
"GATA3",0,-3.82891827466094,0.034,0.271,0
"OXNAD1",0,-2.91312874789864,0.061,0.298,0
"ACAP2",0,1.0200157765761,0.506,0.269,0
"HNRNPA0",0,-1.29936264891825,0.406,0.643,0
"CD74",0,3.15628265171152,0.978,0.741,0
"SELL",0,-1.37393835398784,0.473,0.709,0
"PRKCH",0,-3.09359982035373,0.052,0.288,0
"PER1",0,1.75923551097805,0.349,0.113,0
"HEXB",0,1.69410004293402,0.341,0.106,0
"BCL11B",0,-3.20195846356803,0.045,0.28,0
"RIN3",0,1.3206458895527,0.389,0.154,0
"GAA",0,3.21749193127477,0.265,0.03,0
"ADGRE5",0,1.12416182861089,0.502,0.267,0
"WDR83OS",0,1.06392910036356,0.688,0.454,0
"ISG15",0,1.40275720403883,0.467,0.234,0
"RAB10",0,1.45310693831701,0.378,0.145,0
"CTSC",0,1.0547429508314,0.469,0.236,0
"NBPF14",0,2.64487796799831,0.274,0.042,0
"ICAM1",0,4.06701072498194,0.251,0.019,0
"TNFRSF1A",0,2.09465847001699,0.301,0.069,0
"MYO9B",0,2.04707548506758,0.31,0.078,0
"CYFIP2",0,-2.47830289970514,0.091,0.322,0
"STAT2",0,1.86831029556149,0.315,0.084,0
"RBL2",0,-1.7980844395483,0.189,0.42,0
"BHLHE40",0,1.70173590959086,0.335,0.105,0
"PLAC8",0,1.2057987124909,0.543,0.313,0
"C7orf73",0,1.02625232489777,0.542,0.312,0
"MAP2K3",0,1.81401463338141,0.333,0.103,0
"DPYSL2",0,3.51650400545532,0.254,0.024,0
"ANAPC11",0,0.955750536443036,0.555,0.326,0
"GNS",0,3.10272863965913,0.263,0.034,0
"NDUFS6",0,1.06791315915112,0.503,0.274,0
"SARAF",0,-1.68611638199424,0.738,0.967,0
"OPTN",0,-2.47526528268374,0.082,0.311,0
"SYNE2",0,-2.92781775935203,0.062,0.291,0
"LAMTOR4",0,1.1083308127026,0.805,0.577,0
"CNN2",0,-1.20903973108101,0.451,0.679,0
"SFT2D1",0,1.37114049140445,0.385,0.157,0
"STX7",0,2.20297158395581,0.285,0.057,0
"VMA21",0,1.5204322736112,0.362,0.134,0
"SYNGR2",0,1.02896320323747,0.577,0.349,0
"SPTLC2",0,2.29529367904808,0.28,0.053,0
"COX7B",0,1.07375637119853,0.705,0.478,0
"MYC",0,-2.87216466899836,0.056,0.283,0
"MID1IP1",0,2.37057874223273,0.291,0.065,0
"SQRDL",0,1.52253529508915,0.353,0.127,0
"SBDS",0,-1.56380143794423,0.223,0.448,0
"FERMT3",0,1.0544244019077,0.452,0.227,0
"PTPN18",0,2.18164815293633,0.289,0.064,0
"POLR2L",0,1.09342901148494,0.739,0.514,0
"SYTL1",0,-1.81355016904702,0.165,0.389,0
"PPIF",0,2.57062470695668,0.275,0.052,0
"FAM45A",0,1.53530310318775,0.342,0.119,0
"ATP1B3",0,1.83571880647933,0.323,0.1,0
"TMBIM4",0,1.14075284177637,0.446,0.223,0
"MTHFD2",0,1.71895103007375,0.327,0.105,0
"TRBC1",0,-2.69569699802722,0.057,0.279,0
"POLE4",0,1.13486528797418,0.454,0.232,0
"PTTG1IP",0,1.83317882354446,0.311,0.089,0
"ANXA1",0,0.924207084904494,0.78,0.558,0
"HSPA8",0,-1.08202503978187,0.673,0.895,0
"MRPL52",0,0.993255808730801,0.513,0.292,0
"ZNF106",0,1.51593185143394,0.337,0.116,0
"EIF4E2",0,1.19801209981535,0.381,0.16,0
"UBE2R2",0,2.71411197792242,0.261,0.04,0
"TRMT1",0,1.26139504891165,0.409,0.188,0
"SHFM1",0,0.886226708102152,0.631,0.411,0
"RORA",0,-3.25142617177111,0.046,0.266,0
"SPG21",0,1.16960928778928,0.435,0.215,0
"LAMTOR5",0,1.03885199044509,0.469,0.249,0
"DUSP23",0,1.62511650664388,0.328,0.109,0
"RNPEP",0,2.21005289496134,0.276,0.057,0
"BACH1",0,2.42104655178933,0.267,0.048,0
"C15orf39",0,2.69669819275928,0.259,0.04,0
"TNFAIP8",0,-1.60527497973882,0.203,0.422,0
"ATP5J2",0,1.1162263168786,0.755,0.536,0
"OAS1",0,1.62645859769962,0.3,0.081,0
"STAT1",0,0.641426594023968,0.553,0.335,0
"OGFR",0,1.26866619538907,0.369,0.151,0
"C20orf27",0,1.44430381102548,0.352,0.134,0
"SAMHD1",0,0.957368731621631,0.703,0.485,0
"ARPC4",0,1.28390732186548,0.399,0.182,0
"RARA",0,1.57559536801174,0.331,0.114,0
"PRCP",0,1.94289697957644,0.29,0.073,0
"PGAM1",0,1.01803047322235,0.589,0.372,0
"FAM120A",0,1.6927011584228,0.303,0.087,0
"NBPF26",0,1.87223466767005,0.294,0.078,0
"ZNHIT1",0,0.973184534739058,0.474,0.258,0
"METTL9",0,1.14189873130967,0.484,0.268,0
"TMEM256-PLSCR3",0,-2.05960906959651,0.143,0.358,0
"ATP5I",0,1.05499207121945,0.762,0.547,0
"GNB1",0,1.44270981111709,0.338,0.124,0
"SSR3",0,1.04694576198158,0.452,0.238,0
"COX5A",0,0.951578598587308,0.668,0.454,0
"CH17-373J23.1",0,3.20412148514532,0.254,0.04,0
"PPP4C",0,0.909501898867604,0.499,0.286,0
"IFI16",0,0.972863624735593,0.419,0.206,0
"REL",0,1.03625689485392,0.44,0.227,0
"SERPINB6",0,1.74718901665299,0.298,0.085,0
"GNB2",0,0.889756217506543,0.603,0.39,0
"ROMO1",0,0.87337224368378,0.607,0.394,0
"GIMAP7",0,-1.2171414170772,0.347,0.559,0
"ANKRD13D",0,1.77183326109451,0.306,0.094,0
"DEK",0,0.874588939991385,0.547,0.336,0
"CARS2",0,2.44066450811149,0.256,0.045,0
"GNAQ",0,1.95708688917907,0.279,0.07,0
"PLIN3",0,1.99361905959286,0.275,0.066,0
"ZFP36L1",0,1.10765941595615,0.694,0.485,0
"SELM",0,-2.0272062172671,0.073,0.282,0
"BRK1",0,0.932898999620967,0.653,0.445,0
"COX17",0,1.0178645501152,0.491,0.283,0
"NDFIP1",0,-1.23877904555005,0.415,0.623,0
"CCND3",0,-1.04526048097447,0.411,0.619,0
"ATP6V0E2",0,-2.85574707426186,0.06,0.268,0
"CKLF",0,1.13474780374994,0.448,0.24,0
"RASSF2",0,2.43803937030802,0.255,0.047,0
"SLC44A2",0,-1.99595236524372,0.113,0.321,0
"S100A4",0,1.84303844765786,0.947,0.739,0
"GYG1",0,1.88839887018135,0.288,0.08,0
"SVIP",0,-2.28663628405814,0.076,0.284,0
"EIF4A2",0,-1.02714003938575,0.456,0.663,0
"CHMP1B",0,1.32528839387566,0.415,0.208,0
"PLD3",0,1.30490396346157,0.361,0.154,0
"KDELR1",0,0.957559841698092,0.479,0.272,0
"CAPZA1",0,0.95016801881083,0.446,0.24,0
"NRGN",0,1.85784752567647,0.274,0.068,0
"XAF1",0,0.865532021002632,0.426,0.22,0
"SET",0,0.952253138033002,0.473,0.267,0
"DDX21",0,0.869506688602431,0.507,0.302,0
"FAM107B",0,-1.53718361500866,0.162,0.367,0
"CHMP2A",0,1.00539358211872,0.434,0.229,0
"G6PD",0,1.73451970302585,0.29,0.085,0
"GCC2",0,-1.64908666682517,0.192,0.395,0
"TSEN34",0,2.02154225710466,0.266,0.063,0
"LRRFIP1",0,0.832770716455831,0.675,0.473,0
"PPP1CB",0,1.64185993701338,0.323,0.121,0
"HSD17B11",0,0.984387285562879,0.53,0.328,0
"MATR3.1",0,-1.99112806043869,0.131,0.333,0
"DNAJC15",0,0.897376114969152,0.451,0.249,0
"MYO1G",0,0.88551506820897,0.431,0.229,0
"RNF13",0,1.25184235596038,0.337,0.136,0
"MSN",0,0.747467431858085,0.566,0.365,0
"SLIRP",0,1.02212050906754,0.436,0.237,0
"JOSD2",0,1.43352951492158,0.321,0.122,0
"PTRHD1",0,1.04286240737246,0.392,0.194,0
"NMI",0,1.35976025771321,0.32,0.122,0
"IFI35",0,1.2638406898514,0.331,0.133,0
"NDUFA2",0,0.816371588039328,0.561,0.364,0
"PPP3CC",0,-2.10018074154769,0.115,0.312,0
"STAT6",0,1.02791937105767,0.372,0.175,0
"ANXA6",0,-1.50951435736639,0.215,0.412,0
"GNG10",0,1.23735278534683,0.352,0.155,0
"MIS18BP1",0,1.44742714786834,0.297,0.1,0
"NDUFB3",0,0.982406969267628,0.436,0.24,0
"SFXN1",0,-2.8017507733467,0.056,0.252,0
"SH3GLB1",0,1.09552373341459,0.365,0.169,0
"TMEM243",0,-1.51929665700979,0.208,0.403,0
"PPP1R2",0,-1.22840358585283,0.303,0.498,0
"VPS29",0,0.806538530051742,0.481,0.286,0
"CALCOCO2",0,1.03415455996522,0.377,0.182,0
"SERINC5",0,-2.15290339370725,0.099,0.294,0
"CALM2",0,1.03758463281428,0.739,0.544,0
"PSMB10",0,0.997109762952365,0.676,0.482,0
"TMEM179B",0,0.975796025464138,0.4,0.206,0
"AKIRIN2",0,1.15985949662316,0.367,0.173,0
"STK17A",0,-1.92462771396685,0.114,0.308,0
"COA3",0,1.32276460721036,0.316,0.122,0
"SH3BGRL",0,0.966660365524695,0.659,0.466,0
"VAMP3",0,1.94907603966148,0.256,0.064,0
"GBP5",0,1.02844303445331,0.368,0.176,0
"RBPJ",0,1.34849020440084,0.314,0.122,0
"CD151",0,1.79676788532345,0.265,0.073,0
"FUOM",0,1.84740415090186,0.266,0.074,0
"NDUFB5",0,0.926313866552231,0.424,0.232,0
"RNF149",0,0.808954822531944,0.505,0.314,0
"CBR1",0,1.7752701940742,0.26,0.069,0
"MAN2B1",0,1.02416292091448,0.357,0.166,0
"IL10RB",0,1.57826764333623,0.28,0.09,0
"EPB41",0,-1.9187871872837,0.138,0.328,0
"PLEKHB2",0,1.7102259001931,0.274,0.084,0
"SEC14L1",0,1.44688648301433,0.292,0.102,0
"ATF7IP2",0,-2.10800839909591,0.092,0.282,0
"CUX1",0,1.53821989155822,0.276,0.087,0
"ARF6",0,1.23940332553064,0.334,0.145,0
"RP11-386I14.4",0,2.52052425195796,0.252,0.063,0
"CDC42SE2",0,-1.32425358611397,0.236,0.425,0
"LINC-PINT",0,-1.96257910169193,0.123,0.312,0
"LAMP2",0,1.84106277433986,0.259,0.07,0
"WSB1",0,0.813248749953347,0.522,0.333,0
"TACC1",0,1.4329032023451,0.284,0.095,0
"PSMB2",0,0.915216304910971,0.399,0.211,0
"TCEB2",0,1.25182039979359,0.875,0.688,0
"SHKBP1",0,0.861000796640308,0.406,0.219,0
"KIF2A",0,-1.530344559515,0.172,0.359,0
"IMPDH1",0,1.25050730866801,0.304,0.117,0
"DNAJA1",0,0.861757398742101,0.484,0.297,0
"RHOF",0,-1.80833382532052,0.129,0.316,0
"CAP1",0,0.742570115833025,0.627,0.441,0
"BANF1",0,0.834815735243901,0.457,0.271,0
"BAX",0,0.698302538676993,0.472,0.286,0
"HNRNPDL",0,-0.871460789686033,0.665,0.851,0
"CTNNB1",0,1.6361709376385,0.29,0.105,0
"EVI2A",0,1.81343708998037,0.26,0.075,0
"RCC1",0,-1.72620165730972,0.163,0.348,0
"SRSF7",0,-0.953053599541334,0.511,0.696,0
"GDI2",0,0.865954451744292,0.585,0.4,0
"ATP6V0E1",0,0.967199912732174,0.76,0.576,0
"LSM10",0,1.10408593998681,0.342,0.158,0
"CNIH4",0,1.42968652291416,0.303,0.119,0
"UQCRC1",0,0.830012807364734,0.441,0.257,0
"IRF1",0,0.869407201185888,0.662,0.479,0
"NCKAP1L",0,0.933783999816808,0.332,0.149,0
"C1orf43",0,0.78640406786096,0.444,0.261,0
"ARID5B",0,-2.33548314861464,0.085,0.268,0
"RB1",0,1.36443578036156,0.296,0.113,0
"APOL6",0,0.991279775986727,0.327,0.145,0
"EIF4A1",0,0.8069184583933,0.43,0.248,0
"SQSTM1",0,0.774471021545427,0.577,0.395,0
"SEC61G",0,0.860641912234467,0.711,0.529,0
"ITGB7",0,-1.81367480459992,0.147,0.328,0
"DOK2",0,0.727430629435741,0.438,0.257,0
"PLEC",0,0.985182131399147,0.355,0.174,0
"ATP6V0C",0,1.24524456129584,0.691,0.51,0
"CD53",0,0.649693156780531,0.591,0.411,0
"UBE2J1",0,0.946455791695399,0.353,0.173,0
"PABPN1",0,1.19238281750893,0.311,0.131,0
"RAB5C",0,0.816901608722123,0.474,0.294,0
"FAM49B",0,0.737264587897545,0.498,0.319,0
"ADPGK",0,1.17455280921353,0.308,0.13,0
"PRKAR1A",0,0.850891993549445,0.408,0.23,0
"ARHGEF1",0,-1.04701163591194,0.405,0.583,0
"GABARAP",0,2.3014122684143,0.92,0.743,0
"SMS",0,1.22178408825509,0.317,0.14,0
"WAS",0,0.754851096223838,0.593,0.416,0
"TMEM123",0,-1.01677655112138,0.42,0.597,0
"PLCB2",0,1.62417398622328,0.25,0.073,0
"CHCHD5",0,0.995576578834864,0.357,0.181,0
"FAM65B",0,-1.02442984577524,0.427,0.603,0
"RPS6KA4",0,1.53298917458044,0.252,0.076,0
"DHRS4",0,1.1832145920054,0.302,0.126,0
"SNRPG",0,0.759086533031363,0.571,0.395,0
"COPE",0,0.688884349127073,0.565,0.389,0
"USP15",0,0.616700952895286,0.527,0.352,0
"ODF2L",0,-2.27694272873955,0.079,0.254,0
"CDC42EP3",0,1.39877437904174,0.293,0.118,0
"PRDX1",0,0.830408329231853,0.573,0.398,0
"RAC2",0,-0.858900826967713,0.647,0.822,0
"NDUFB7",0,0.739294300213884,0.525,0.351,0
"COMMD9",0,1.31512087621261,0.27,0.096,0
"IFI44",0,1.59876656487723,0.258,0.084,0
"SIGIRR",0,-1.12956722168256,0.312,0.486,0
"CNDP2",0,1.21430789616661,0.298,0.124,0
"EIF3E",0,-0.826026551340115,0.611,0.784,0
"AGTPBP1",0,1.31902101413927,0.277,0.104,0
"ANKRD12",0,-1.13024907967064,0.349,0.522,0
"CLTC",0,1.4636670118611,0.267,0.094,0
"TNFAIP3",0,-0.879409526198622,0.455,0.628,0
"HM13",0,0.701526754001991,0.429,0.256,0
"SRSF8",0,-1.9603856387014,0.107,0.279,0
"DPYD",0,0.745171002416628,0.38,0.208,0
"TCEB1",0,0.842605641955524,0.427,0.255,0
"PRDX5",0,0.740245079854354,0.548,0.377,0
"PSME2",0,1.39452358817269,0.78,0.609,0
"AAK1",0,-1.24450397693623,0.234,0.405,0
"TMC6",0,-1.51480175637344,0.165,0.336,0
"ATF4",0,0.817074711964094,0.402,0.231,0
"SATB1",0,-1.7519255016956,0.131,0.302,0
"ABHD14B",0,-1.50934452469444,0.184,0.355,0
"IL16",0,-1.60102095919428,0.174,0.345,0
"TMEM256",0,0.72777393819864,0.488,0.317,0
"RNF213",0,0.619724492282715,0.607,0.436,0
"EML4",0,-1.39067106780333,0.206,0.376,0
"PHPT1",0,1.06483434068206,0.335,0.165,0
"ARF3",0,1.22770482673293,0.283,0.113,0
"SEPT9",0,-0.935419414014859,0.455,0.625,0
"ST13",0,-0.900028693159324,0.443,0.613,0
"NDUFV3",0,1.29911272351803,0.277,0.108,0
"CARD19",0,1.42673341153152,0.262,0.093,0
"MAP3K11",0,1.46811528299107,0.257,0.088,0
"ATM",0,-1.44202825569036,0.23,0.399,0
"MKNK2",0,1.37606196507976,0.266,0.097,0
"HNRNPD",0,0.928143540107361,0.345,0.176,0
"WHSC1L1",0,-1.2582740363929,0.248,0.417,0
"ENO1",0,0.804817154394122,0.702,0.533,0
"LEPROT",0,1.37536960026258,0.264,0.096,0
"TM9SF2",0,0.90808299737719,0.325,0.157,0
"MAPKAPK3",0,1.14436990750435,0.285,0.117,0
"RNF7",0,0.683163261100447,0.507,0.339,0
"DBNL",0,0.683749339466039,0.428,0.26,0
"P2RY8",0,-1.7696274978372,0.138,0.306,0
"FUS",0,-0.87822817948623,0.488,0.655,0
"EIF6",0,0.969872401595808,0.338,0.171,0
"DDT",0,0.905059420022393,0.394,0.227,0
"G3BP2",0,-1.24863003048199,0.242,0.409,0
"CCDC109B",0,-0.873024239525428,0.458,0.625,0
"PSMB6",0,0.745051059527783,0.49,0.323,0
"NDUFA11",0,1.15001368628509,0.36,0.193,0
"LAIR1",0,1.54068349988274,0.25,0.083,0
"SF3B5",0,0.725542441592915,0.549,0.383,0
"OS9",0,0.750182325610683,0.381,0.215,0
"CANX",0,0.718207885607816,0.424,0.258,0
"NAPA",0,0.738370137201266,0.479,0.313,0
"ARPC1B",0,1.34324474376947,0.86,0.695,0
"IL6ST",0,-1.54294039759784,0.157,0.322,0
"USP3",0,0.734484745899758,0.374,0.209,0
"FAM200B",0,1.01031218269478,0.352,0.187,0
"NDUFAB1",0,0.698927773343009,0.469,0.304,0
"RNASEK",0,1.31062259095296,0.779,0.615,0
"STK4",0,-1.0659545502795,0.374,0.538,0
"MOB3A",0,1.28539932489999,0.271,0.108,0
"LRRFIP2",0,1.39280773083964,0.253,0.09,0
"WASF2",0,0.599814682111734,0.484,0.321,0
"RAB7A",0,0.672155612242916,0.481,0.318,0
"MED10",0,-1.16139336122807,0.26,0.423,0
"RAB1A",0,1.22409061928583,0.28,0.118,0
"HSP90AB1",0,-0.725061021822326,0.604,0.766,0
"LINC00152",0,0.663536874630661,0.299,0.137,0
"DDX6",0,-1.40764023243057,0.191,0.353,0
"S100A10",0,1.81632836490777,0.941,0.779,0
"ARL8B",0,1.34122171794719,0.263,0.102,0
"ARF5",0,0.802494478112768,0.637,0.476,0
"CMTM7",0,0.687322627646293,0.372,0.211,0
"SPCS3",0,0.729115167408854,0.382,0.221,0
"VDAC1",0,0.820714517268085,0.387,0.226,0
"KIAA1033",0,1.29515638852026,0.255,0.094,0
"AURKAIP1",0,0.64908432208633,0.496,0.335,0
"DOCK2",0,0.977150403428042,0.295,0.134,0
"CSNK2B",0,0.640948929330848,0.614,0.453,0
"PRMT2",0,-1.13624967731942,0.296,0.456,0
"WDR74",0,1.14545040846563,0.331,0.171,0
"LYSMD2",0,1.10668977788749,0.286,0.126,0
"ZFP36L2",0,-1.1537312819656,0.771,0.93,0
"MYEOV2",0,0.644475195314718,0.539,0.38,0
"CSK",0,0.666308117551515,0.432,0.273,0
"UBE2A",0,1.1870993242098,0.265,0.107,0
"EEF2",0,-1.01253037602301,0.778,0.936,0
"TOM1",0,1.17107056248453,0.281,0.123,0
"TIMM13",0,0.858584906734844,0.361,0.203,0
"CLTB",0,0.864922944855718,0.333,0.176,0
"PTK2B",0,1.23880499458864,0.267,0.11,0
"BLOC1S6",0,1.19655310038495,0.272,0.115,0
"RNF125",0,-1.74965588133494,0.122,0.279,0
"VTI1B",0,0.923004807228809,0.32,0.163,0
"ATP5F1",0,0.650544085014049,0.576,0.419,0
"MTDH",0,0.561940016747101,0.588,0.431,0
"CYC1",0,0.743561481133232,0.357,0.2,0
"TGOLN2",0,0.559906441552372,0.396,0.24,0
"PFDN2",0,0.77968961127806,0.377,0.221,0
"PARP9",0,1.18196030292942,0.251,0.095,0
"FKBP2",0,0.872187975899833,0.318,0.162,0
"PAK2",0,0.557608408107706,0.492,0.336,0
"NDUFS7",0,0.616857442594567,0.489,0.333,0
"PKM",0,0.809895579936027,0.739,0.584,0
"SCNM1",0,0.839894662816168,0.315,0.16,0
"CAT",0,0.976756510545442,0.287,0.132,0
"PSENEN",0,1.02632176619265,0.285,0.13,0
"NOP58",0,-1.43965987684751,0.181,0.335,0
"TIMM17B",0,0.826018223932584,0.328,0.174,0
"SFT2D2",0,1.06623902552708,0.252,0.098,0
"DNAJC4",0,0.730154131419982,0.374,0.22,0
"SUN2",0,-1.29900771565876,0.219,0.373,0
"CCNL1",0,0.733958339141673,0.659,0.506,0
"NDUFB2",0,0.732177724297489,0.682,0.529,0
"DDX24",0,-1.0626247106161,0.309,0.462,0
"CAMTA1",0,0.903736869473625,0.324,0.171,0
"ZCCHC11",0,-1.88988611446161,0.097,0.25,0
"ATP6AP1",0,0.976186606779342,0.312,0.159,0
"MIEN1",0,0.725444470336781,0.385,0.232,0
"UPP1",0,0.708390539712804,0.407,0.254,0
"EEF1B2",0,-1.64942969754845,0.81,0.963,0
"HNRNPU",0,0.623332336338925,0.562,0.41,0
"SSR2",0,-0.790579442276055,0.58,0.732,0
"FLII",0,0.983277647251783,0.281,0.129,0
"RASAL3",0,-1.72236858654605,0.117,0.269,0
"RNASEH2C",0,0.887016801543658,0.322,0.17,0
"EPN1",0,0.946423044075475,0.292,0.14,0
"UBR4",0,1.0421217366502,0.267,0.116,0
"UBE2D2",0,-0.745637671607909,0.535,0.686,0
"IDH3G",0,0.738970932546645,0.341,0.19,0
"AKAP13",0,0.495759581195312,0.46,0.309,0
"C6orf62",0,1.07547399572033,0.286,0.135,0
"BTG1",0,-0.895344657381079,0.79,0.941,0
"FLOT1",0,0.806727642825085,0.337,0.187,0
"ILK",0,1.02031451378624,0.28,0.13,0
"PSMA6",0,0.683632625478023,0.463,0.313,0
"TCF25",0,0.507018997622155,0.528,0.378,0
"NAAA",0,0.735679148281224,0.358,0.208,0
"DECR1",0,0.700679225066136,0.374,0.224,0
"VPS35",0,0.901201918566397,0.287,0.137,0
"MIIP",0,1.00845145353478,0.271,0.122,0
"CDV3",0,1.20161133317149,0.253,0.104,0
"ATP6AP2",0,0.663643285944653,0.449,0.3,0
"UXT",0,-0.780166711352719,0.506,0.655,0
"FAM21C",0,1.14256667484689,0.251,0.102,0
"USMG5",0,0.773436621670872,0.737,0.588,0
"SRRM2",0,0.479401044722646,0.461,0.312,0
"ETHE1",0,0.824825593544268,0.325,0.176,0
"PIM3",0,0.748519173842155,0.372,0.223,0
"PET100",0,0.569014706552741,0.595,0.446,0
"EIF3F",0,-0.623026927713375,0.664,0.813,0
"HNRNPA1",0,-0.935711108818678,0.79,0.939,0
"SRSF10",0,-0.898096467106866,0.387,0.535,0
"MRPL33",0,0.698390775189007,0.442,0.294,0
"SMIM7",0,0.802316579348695,0.322,0.174,0
"GNAI3",0,1.00054445107128,0.291,0.143,0
"MINOS1",0,0.606036625917777,0.61,0.462,0
"PPP1R18",0,0.531300686893007,0.449,0.302,0
"PNISR",0,-0.777677741670959,0.497,0.644,0
"SLC25A5",0,0.837226641300326,0.71,0.563,0
"ACTN4",0,1.04204779478348,0.257,0.11,0
"HMOX2",0,-1.57523037824539,0.142,0.289,0
"NDUFA13",0,0.570564722416044,0.587,0.44,0
"RPSA",0,-1.771648383741,0.834,0.98,0
"VAPA",0,0.571489582871691,0.505,0.359,0
"PQLC3",0,0.7787196026415,0.304,0.158,0
"SRSF9",0,0.928387921232241,0.298,0.152,0
"UNC119",0,0.886290146467218,0.285,0.139,0
"HMGN3",0,0.497037529104973,0.527,0.382,0
"ANAPC16",0,-0.71845673415308,0.486,0.631,0
"SNAP23",0,0.761027097351857,0.322,0.177,0
"UQCR10",0,0.716548623682613,0.757,0.612,0
"YIF1B",0,0.938191291602478,0.266,0.122,0
"HCFC1R1",0,0.999978939159801,0.294,0.15,0
"EIF3A",0,0.468856874036735,0.418,0.274,0
"LSM6",0,0.748421602316531,0.378,0.235,0
"XRN2",0,0.595549088022936,0.384,0.241,0
"MT-ATP8",0,-0.892070038169559,0.848,0.991,0
"RELB",0,0.652424618332721,0.377,0.234,0
"OAZ1",0,1.74532802877407,0.952,0.809,0
"GBP4",0,0.974783994059686,0.261,0.119,0
"ARID1A",0,0.927391859148936,0.261,0.12,0
"TWF2",0,0.566506433891844,0.403,0.262,0
"NPTN",0,0.859699879132208,0.278,0.137,0
"PSMG2",0,0.595579972560519,0.395,0.254,0
"CHCHD10",0,0.631063162367633,0.524,0.383,0
"EIF3L",0,-0.616804493058047,0.564,0.705,0
"PSMB4",0,0.609147993103369,0.35,0.209,0
"ANP32A",0,0.566008768236537,0.455,0.315,0
"PDE4B",0,0.889422155491082,0.283,0.143,0
"HADHB",0,0.771222807071505,0.3,0.16,0
"CELF1",0,0.778896398748683,0.295,0.155,0
"MX2",0,0.982772854870254,0.291,0.151,0
"PSMA7",0,0.694252923027611,0.692,0.552,0
"PSTPIP1",0,0.803143783472232,0.312,0.173,0
"GADD45B",0,0.687899228579095,0.667,0.528,0
"RAB8A",0,0.716889035019536,0.315,0.176,0
"TMEM147",0,0.787975093187308,0.325,0.186,0
"NCL",0,-0.757917441951424,0.472,0.61,0
"TMEM258",0,0.601402619735059,0.708,0.57,0
"SNRPD2",0,-0.69197529456693,0.711,0.849,0
"MTMR14",0,0.793228129616951,0.285,0.147,0
"ERICH1",0,0.690994896782093,0.331,0.194,0
"MAP1LC3B",0,0.61080845333873,0.52,0.383,0
"MRPS36",0,0.685286073681346,0.321,0.185,0
"RPS20",0,-0.418933760495259,0.735,0.871,0
"MRPL41",0,0.511536643147034,0.446,0.31,0
"CALM1",0,-0.765612093206033,0.778,0.914,0
"NDUFB10",0,0.523706987503349,0.526,0.39,0
"POLR2E",0,0.568677544759124,0.397,0.261,0
"ERP44",0,0.709839889662688,0.302,0.166,0
"ATP2B1",0,0.694844914594588,0.286,0.15,0
"BAG1",0,0.637708918593323,0.323,0.188,0
"BNIP2",0,0.610206269278387,0.381,0.246,0
"MYDGF",0,0.528361705859511,0.39,0.255,0
"COX6B1",0,0.960078725174751,0.878,0.743,0
"ATP5C1",0,0.542966526990209,0.568,0.433,0
"SFPQ",0,0.538911461325252,0.376,0.242,0
"COPA",0,0.82634740163426,0.264,0.13,0
"NFKBIA",0,1.00907530487402,0.831,0.697,0
"ANP32B",0,-0.657532114795471,0.554,0.688,0
"LASP1",0,0.917190859421477,0.257,0.124,0
"CBWD2",0,0.897492398255549,0.253,0.121,0
"ZNF706",0,0.484201744339274,0.477,0.345,0
"OSTF1",0,0.497756638575871,0.454,0.322,0
"JMJD1C",0,0.53585892010937,0.375,0.243,0
"ACADVL",0,0.547690871998594,0.361,0.229,0
"DNAJC7",0,0.718930740432744,0.299,0.167,0
"IGFLR1",0,0.655654022160479,0.293,0.161,0
"TMEM165",0,0.726368336177295,0.272,0.141,0
"CUTA",0,-0.697075714945924,0.491,0.622,0
"GTF2I",0,0.773654201582415,0.264,0.133,0
"DDX3X",0,0.489499107600051,0.482,0.351,0
"LIMD2",0,-0.50653817547297,0.734,0.865,0
"WAC",0,0.777990723453425,0.287,0.156,0
"MBNL1",0,-0.736191264085092,0.579,0.709,0
"GSTK1",0,-0.683043954971876,0.7,0.83,0
"HOOK3",0,0.878383243947804,0.253,0.123,0
"NDUFA6",0,0.527464956819326,0.451,0.321,0
"IFI44L",0,0.766563999906869,0.27,0.141,0
"SDHB",0,0.686157701407847,0.311,0.182,0
"RIOK3",0,0.615089797279504,0.304,0.175,0
"LYPLA1",0,0.718918612664087,0.295,0.166,0
"TMED5",0,0.790213836096087,0.256,0.128,0
"PSMA5",0,0.453156016368094,0.404,0.276,0
"HINT1",0,-0.813855078030532,0.787,0.915,0
"SLC38A2",0,0.774052107723825,0.321,0.193,0
"GPX4",0,0.748647502737642,0.767,0.639,0
"CHMP5",0,0.805137474452381,0.286,0.158,0
"C8orf59",0,0.541248018621773,0.613,0.486,0
"RER1",0,0.513199584532166,0.369,0.243,0
"RPL4",0,-1.10848249985525,0.832,0.958,0
"TRAPPC1",0,0.460602262072115,0.604,0.478,0
"PEPD",0,0.830767228367291,0.261,0.135,0
"SSR1",0,0.552172360302491,0.351,0.225,0
"DRAM2",0,0.820952689491397,0.27,0.145,0
"ROCK1",0,0.470151944942407,0.343,0.218,0
"MGST3",0,0.508532508474936,0.42,0.295,0
"COX5B",0,0.904521783655869,0.82,0.695,0
"RNASET2",0,0.545931420354099,0.694,0.569,0
"CD4",0,0.464582356067907,0.393,0.268,0
"SCAND1",0,0.477595448173881,0.616,0.491,0
"FIBP",0,0.654321415551693,0.295,0.17,0
"ATP5G1",0,0.472943670268306,0.433,0.309,0
"DDX5",0,-0.686123999170762,0.789,0.913,0
"LENG8",0,0.344926535395832,0.426,0.302,0
"MRPL51",0,0.588885172840652,0.349,0.225,0
"CDKN2D",0,0.597698415918406,0.337,0.214,0
"UQCRH",0,0.656150290656695,0.75,0.627,0
"VIMP",0,0.504967067338695,0.309,0.186,0
"ZFP36",0,0.796063363321915,0.877,0.754,0
"NR4A2",0,0.482358789346161,0.53,0.408,0
"RAB2A",0,0.442519538759899,0.406,0.284,0
"SHOC2",0,0.765469089208505,0.263,0.141,0
"ADAM10",0,0.562016901500355,0.274,0.152,0
"CDC42",0,0.523183537961652,0.705,0.583,0
"DPM3",0,0.600542710538733,0.306,0.184,0
"NEDD8",0,0.491025716193082,0.601,0.479,0
"SOCS3",0,0.501028314607777,0.493,0.371,0
"UBE2L3",0,0.49047859683347,0.429,0.307,0
"MRPS18C",0,0.65522098575936,0.29,0.168,0
"NDUFA7",0,0.737063544215273,0.268,0.147,0
"PCBP1",0,0.608551330991027,0.73,0.609,0
"ARRDC1",0,0.507585159626469,0.31,0.189,0
"PTPN2",0,0.467678550731825,0.38,0.259,0
"NDUFA3",0,0.54637885193449,0.705,0.584,0
"ACAA1",0,0.489040877330228,0.334,0.214,0
"MTIF3",0,0.726274064100187,0.273,0.153,0
"ARPC3",0,1.39354803294093,0.891,0.771,0
"TMEM14C",0,0.637820440279671,0.323,0.204,0
"GRHPR",0,0.691905325009421,0.266,0.147,0
"ATP5G3",0,0.605420515528127,0.667,0.548,0
"PSMB9",0,0.888510532962873,0.748,0.629,0
"AC090498.1",0,-1.10210139589974,0.878,0.997,0
"SCAF11",0,0.326451870245211,0.414,0.295,0
"ATP5H",0,0.511063860927335,0.67,0.551,0
"TOP1",0,0.613490090362465,0.291,0.172,0
"UQCR11",0,0.7972318794141,0.86,0.741,0
"H1FX",0,0.752458198269445,0.285,0.166,0
"KDELR2",0,0.626896538967698,0.323,0.205,0
"TSC22D3",0,-0.834964127900522,0.748,0.866,0
"BLOC1S2",0,0.684475343817819,0.29,0.172,0
"ATP5D",0,0.565705364670559,0.758,0.64,0
"LRPAP1",0,0.498964801429869,0.346,0.228,0
"TAOK3",0,0.446108920977099,0.352,0.234,0
"BTF3L4",0,0.606746570911767,0.289,0.172,0
"SNX17",0,0.464905700322297,0.393,0.276,0
"CFLAR",0,0.341237522205666,0.416,0.299,0
"C4orf3",0,0.555742230970473,0.671,0.554,0
"PSMB8",0,0.462864406595133,0.611,0.494,0
"CLEC2B",0,0.426856375462864,0.458,0.341,0
"HSD17B10",0,0.62680112323713,0.267,0.151,0
"BRD4",0,0.642952419617424,0.263,0.147,0
"GUK1",0,0.438825616375897,0.676,0.56,0
"NDUFA1",0,0.674853353843618,0.776,0.66,0
"P4HB",0,0.362151955347945,0.491,0.375,0
"EIF2S2",0,0.4002220839182,0.424,0.308,0
"MLX",0,0.671769227061596,0.266,0.151,0
"CHD1",0,0.504288676195696,0.309,0.194,0
"SASH3",0,0.559620128156072,0.298,0.183,0
"OSBPL8",0,0.410254862093584,0.374,0.259,0
"SNRPD3",0,0.428608740910972,0.431,0.316,0
"KMT2C",0,0.586332179880473,0.269,0.155,0
"HNRNPL",0,0.693832481270477,0.256,0.142,0
"TXN2",0,0.527355433560042,0.33,0.216,0
"SAMSN1",0,0.721497964002423,0.275,0.161,0
"TXNIP",0,-0.666497968904519,0.778,0.892,0
"ADIPOR1",0,0.559278207402168,0.313,0.199,0
"MYL12A",0,-0.613587172785487,0.808,0.922,0
"PCMT1",0,0.605358497120167,0.306,0.193,0
"LINC00493",0,0.395322430801481,0.476,0.363,0
"ATP5J",0,0.504971265440354,0.594,0.481,0
"RPS27L",0,0.552088199633171,0.566,0.453,0
"OSTC",0,0.429966524778343,0.405,0.293,0
"FAM96B",0,0.34036511162476,0.46,0.348,0
"RPL10A",0,-1.36422912880243,0.866,0.978,0
"YY1",0,0.480210510931829,0.315,0.203,0
"UBL5",0,0.609543633247486,0.8,0.689,0
"ATP5B",0,0.434365713932863,0.54,0.429,0
"MRPL20",0,0.346747278724744,0.442,0.331,0
"PRPF40A",0,0.321763632725178,0.358,0.247,0
"HIGD2A",0,0.684479765612089,0.786,0.675,0
"DRAP1",0,0.381329262132188,0.589,0.478,0
"RBCK1",0,0.356821325460985,0.382,0.271,0
"MIF",0,-0.446018637947857,0.75,0.861,0
"FO538757.2",0,0.591584033683082,0.277,0.167,0
"RAB11A",0,0.495721953255462,0.342,0.232,0
"TMEM208",0,0.650383679375832,0.256,0.146,0
"KLF6",0,0.755796510812417,0.858,0.748,0
"ITGAL",0,0.50270332893504,0.291,0.181,0
"MRPL14",0,0.59456068418635,0.281,0.172,0
"IL6R",0,0.506697037867715,0.254,0.145,0
"GTF3C6",0,0.449830223850807,0.329,0.22,0
"TPGS1",0,0.570510817450575,0.275,0.166,0
"CCDC124",0,0.600951691248938,0.28,0.171,0
"PRR13",0,0.648286595435795,0.759,0.65,0
"U2AF1",0,0.477035281156604,0.293,0.184,0
"SUMO3",0,0.479247561705238,0.373,0.264,0
"SERP1",0,0.847702886762029,0.855,0.747,0
"ALDOA",0,1.17178007147113,0.897,0.789,0
"TMEM50A",0,0.348843563932106,0.551,0.444,0
"BAZ2A",0,0.591470222975406,0.261,0.154,0
"ADAR",0,0.259324237888014,0.407,0.3,0
"H2AFZ",0,0.510503174275485,0.617,0.51,0
"SRSF3",0,0.316437729608295,0.571,0.464,0
"CUL1",0,0.583299680410488,0.257,0.151,0
"MX1",0,0.570922447706932,0.255,0.149,0
"RHOA",0,1.01252684639156,0.857,0.751,0
"NDUFC1",0,0.358693989370135,0.494,0.388,0
"CCT5",0,0.49049409797124,0.29,0.184,0
"CD164",0,0.35534714484156,0.42,0.314,0
"NUCB1",0,0.323279594407779,0.407,0.301,0
"TAP1",0,0.282996719620964,0.405,0.3,0
"S100A6",0,2.88668718324323,0.975,0.87,0
"RBMS1",0,0.401221692318385,0.344,0.239,0
"DNAJB6",0,0.513009965565427,0.375,0.27,0
"FAM50A",0,0.445981455929583,0.299,0.194,0
"SDHD",0,0.411338314100335,0.361,0.256,0
"BAZ1A",0,0.3207878126397,0.353,0.248,0
"MRPS24",0,0.376251272816205,0.398,0.294,0
"AP3S1",0,0.559347471278732,0.304,0.2,0
"GSDMD",0,0.477577355682126,0.286,0.182,0
"GNPTG",0,0.380514328582971,0.301,0.197,0
"CMTM3",0,0.619416874347715,0.265,0.162,0
"PSMA3",0,0.438468408554899,0.305,0.202,0
"MVP",0,0.333769843412503,0.35,0.247,0
"C19orf24",0,0.466590876636367,0.342,0.24,0
"NDUFS3",0,0.448669395117868,0.283,0.181,0
"RNF114",0,0.348740346877471,0.356,0.254,0
"RPL3",0,-1.70540535091366,0.884,0.986,0
"NFE2L2",0,0.588834345896496,0.255,0.154,0
"DCP2",0,0.507011150354178,0.257,0.156,0
"VPS13C",0,0.250102348431551,0.315,0.214,0
"MRPS12",0,0.528034269637744,0.252,0.151,0
"KCNAB2",0,0.432124669142339,0.286,0.185,0
"HLA-E",0,-0.593372876850889,0.862,0.963,0
"NDUFC2",0,0.445596316839482,0.381,0.28,0
"GLUD1",0,0.384039872855767,0.295,0.194,0
"FAM32A",0,0.443566298102157,0.293,0.192,0
"RPS5",0,-1.57946005012145,0.876,0.977,0
"CCT6A",0,0.347068763613975,0.332,0.232,0
"ETFA",0,0.487278409844594,0.258,0.158,0
"SELT",0,0.389480125936367,0.364,0.264,0
"IER2",0,0.81201936740162,0.791,0.692,0
"FAAP20",0,0.368587994393063,0.385,0.286,0
"HADHA",0,0.311855387240368,0.443,0.344,0
"RPN1",0,0.330236204767514,0.382,0.283,0
"SNRPB2",0,0.369598474061715,0.411,0.313,0
"TOMM7",0,-0.875267233004209,0.833,0.93,0
"H2AFV",0,0.268086716578477,0.422,0.325,0
"POLD4",0,0.308857214656122,0.499,0.402,0
"NDUFS8",0,0.334340317110718,0.425,0.328,0
"MPG",0,0.396459968230516,0.291,0.194,0
"DUSP1",0,0.378097889169675,0.936,0.84,0
"ALKBH7",0,0.254312801994631,0.451,0.355,0
"ARHGDIB",0,-0.501546336940267,0.843,0.939,0
"FOS",0,0.967130518843066,0.944,0.848,0
"IRF2BP2",0,0.318215528075802,0.393,0.298,0
"MPC1",0,0.372116908131096,0.272,0.177,0
"BUD31",0,0.349997056897122,0.333,0.239,0
"DGKZ",0,0.458027374749074,0.262,0.168,0
"ARHGAP30",0,0.251156044826995,0.35,0.256,0
"PDCD6IP",0,0.32513262244456,0.273,0.18,0
"MKRN1",0,0.329482190268079,0.314,0.221,0
"TUBA1B",0,0.575264187933346,0.584,0.491,0
"MT-ND4L",0,-1.02926207142802,0.905,0.998,0
"PSMD4",0,0.336113490646128,0.332,0.24,0
"PNPLA2",0,0.288467130121676,0.401,0.309,0
"ARF4",0,0.473843949467689,0.306,0.215,0
"SYF2",0,0.261476601722172,0.491,0.4,0
"LSM3",0,0.406459459490974,0.368,0.277,0
"FAM204A",0,0.34341604108901,0.29,0.199,0
"TBCA",0,0.348843184399029,0.654,0.564,0
"CYB5R3",0,0.395642674439196,0.266,0.176,0
"MRFAP1",0,0.375759046822013,0.321,0.231,0
"ESD",0,0.377669606163157,0.296,0.206,0
"POLR2F",0,0.39159253035862,0.309,0.219,0
"COPZ1",0,0.392865203285488,0.283,0.193,0
"MRPL57",0,0.291570618343969,0.421,0.331,0
"COX16",0,0.277861098403045,0.372,0.283,0
"RAB1B",0,0.379972337759436,0.301,0.212,0
"POLR2J",0,0.270065825832181,0.392,0.304,0
"KMT2E-AS1",0,0.599518497842562,0.251,0.163,0
"PPCS",0,0.289046426114811,0.345,0.257,0
"PGK1",0,0.511695506762589,0.636,0.548,0
"RNF166",0,0.307370535689879,0.289,0.201,0
"ARPC1A",0,0.379122171389354,0.254,0.167,0
"NLRP1",0,0.341507403422388,0.273,0.187,0
"SRP72",0,0.267864613257306,0.303,0.217,0
"PQBP1",0,0.305125265151847,0.311,0.225,0
"PPP1CA",0,0.261302726160999,0.59,0.504,0
"LINC00657",0,0.36335055364463,0.265,0.18,0
"C7orf50",0,0.36460928527566,0.251,0.166,0
"RTFDC1",0,0.319036826990018,0.288,0.203,0
"UQCRFS1",0,0.252666381207298,0.49,0.405,0
"SEC13",0,0.313379257084372,0.269,0.185,0
"ANKRD11",0,0.374078845218079,0.255,0.171,0
"IVNS1ABP",0,0.482413717614449,0.255,0.172,0
"IAH1",0,0.383659116491168,0.255,0.172,0
"MED28",0,0.384409672345041,0.256,0.173,0
"CIR1",0,0.350469254169325,0.296,0.213,0
"PDIA6",0,0.298407463352631,0.326,0.244,0
"SNRPE",0,0.36675026397941,0.352,0.27,0
"TMBIM6",0,0.347206340642204,0.679,0.598,0
"TMOD3",0,0.302440844075459,0.267,0.186,0
"EMC6",0,0.301657242085327,0.261,0.18,0
"STK10",0,0.263173517135987,0.286,0.205,0
"PSMB1",0,0.334482149624598,0.585,0.504,0
"SCP2",0,0.268356879055959,0.362,0.282,0
"TMX4",0,0.524703477080824,0.271,0.191,0
"IFRD1",0,0.4667205243277,0.303,0.223,0
"C11orf31",0,0.335896844699742,0.651,0.572,0
"CNIH1",0,0.29263277016578,0.365,0.286,0
"PNKD",0,0.327654372151679,0.307,0.228,0
"TMEM160",0,0.34593795600537,0.35,0.271,0
"RPL36AL",0,-0.45820561124156,0.829,0.907,0
"ADI1",0,0.316947044976015,0.265,0.187,0
"PPP2CA",0,0.290489149180856,0.26,0.183,0
"ARPC2",0,0.710370600317433,0.838,0.761,0
"ETFB",0,0.25400273836534,0.303,0.227,0
"MT1X",0,1.50224944925875,0.302,0.227,0
"H3F3A",0,1.48521096541939,0.954,0.879,0
"PSMB7",0,0.343506999771828,0.253,0.179,0
"TPM3",0,0.462483084032794,0.75,0.676,0
"RPL5",0,-1.39255943550452,0.909,0.982,0
"GABARAPL2",0,0.27517744036919,0.491,0.42,0
"RPS19BP1",0,0.264485894650708,0.345,0.274,0
"NAP1L1",0,0.308630440682117,0.592,0.522,0
"RPLP0",0,-1.22120427556315,0.915,0.985,0
"HMGB2",0,0.277111815656181,0.478,0.409,0
"MYL6",0,1.12883872305498,0.947,0.878,0
"RPL17",0,-1.00289840802134,0.911,0.977,0
"UBE2D3",0,0.384528211432598,0.73,0.665,0
"EMP3",0,0.539851740762696,0.837,0.772,0
"ARF1",0,0.255922253226517,0.62,0.556,0
"HCST",0,0.435271218691563,0.745,0.681,0
"GAPDH",0,1.73607587833124,0.973,0.91,0
"COX6A1",0,0.444795469156656,0.783,0.722,0
"SH3BGRL3",0,1.42652478829674,0.98,0.92,0
"NDUFB11",0,0.279305821902758,0.698,0.642,0
"GNB2L1",0,-0.763318459588133,0.923,0.978,0
"RPS6",0,-1.34184520209807,0.933,0.988,0
"RPL23A",0,-1.15733489547185,0.928,0.983,0
"RPL13A",0,-0.516298040221036,0.924,0.979,0
"CD44",0,0.343580625920218,0.734,0.681,0
"RPS29",0,-1.28678604531341,0.928,0.979,0
"RPL27",0,-0.471475035450831,0.901,0.952,0
"EEF1D",0,-0.635256646150157,0.918,0.968,0
"RPL38",0,-0.431483112868505,0.905,0.955,0
"RPS2",0,-0.434943430096373,0.922,0.967,0
"RPL15",0,-0.626998271447946,0.94,0.979,0
"SERF2",0,1.29584812111775,0.985,0.946,0
"COX7A2",0,0.305623786454634,0.738,0.7,0
"RPS25",0,-1.40379049422992,0.953,0.99,0
"NACA",0,-0.508672108661502,0.943,0.98,0
"RPL21",0,-0.738802970578659,0.943,0.979,0
"RPL24",0,-0.825921204854997,0.945,0.98,0
"ATP5E",0,1.02248856357924,0.981,0.946,0
"RPS16",0,-0.82945661611507,0.949,0.984,0
"ATP5G2",0,0.808933120827423,0.941,0.906,0
"RPL37A",0,-0.488548769913789,0.947,0.98,0
"RPL9",0,-0.790216479611171,0.942,0.975,0
"RPL7A",0,-0.850150550580244,0.957,0.99,0
"SLC25A6",0,0.334545688286228,0.838,0.869,0
"LY6E",0,0.49021394128281,0.687,0.657,0
"LSP1",0,0.405763987139552,0.726,0.696,0
"RPS18",0,-1.23782264295892,0.963,0.992,0
"RPL41",0,0.36536398498627,0.944,0.973,0
"HSP90AA1",0,0.667866484730518,0.73,0.701,0
"VIM",0,1.04751770493459,0.958,0.929,0
"RPL14",0,-1.1270521826742,0.964,0.991,0
"RPS4X",0,-1.16546401468312,0.96,0.987,0
"RPL35",0,-0.326396641813949,0.942,0.969,0
"RPL6",0,-0.775810557959905,0.962,0.989,0
"LAPTM5",0,0.421038515198412,0.871,0.845,0
"RPS7",0,-0.795361796558725,0.964,0.99,0
"RPL31",0,-0.268448932052336,0.928,0.954,0
"RPS10",0,-1.18373998084193,0.963,0.988,0
"RPS3",0,-1.43674929485776,0.968,0.993,0
"H3F3B",0,0.301102894676824,0.957,0.981,0
"MT-ND4",0,1.24476329100803,0.991,0.968,0
"FTL",0,3.0218398656264,0.997,0.975,0
"RPS27",0,-1.66915629309066,0.976,0.997,0
"JUNB",0,-0.883238432088992,0.888,0.908,0
"RPS19",0,-0.960902528006672,0.973,0.993,0
"MT-ND2",0,0.867749562706308,0.982,0.962,0
"MT-CYB",0,-0.441373151488737,0.979,0.998,0
"UBC",0,0.449309550146365,0.895,0.877,0
"RPS17",0,0.766914214572644,0.843,0.825,0
"RPL18",0,-0.926660691997186,0.973,0.991,0
"MT-ATP6",0,0.854789892793667,0.978,0.96,0
"RPL29",0,-0.838358533410065,0.97,0.987,0
"YWHAB",0,0.250364748929861,0.767,0.751,0
"RPS21",0,-1.15113179661921,0.976,0.992,0
"IFITM2",0,0.377775046480125,0.816,0.831,0
"RPL18A",0,-0.914177336582765,0.977,0.991,0
"NME2",0,0.350540830132553,0.702,0.689,0
"RPS3A",0,-1.05870609787062,0.981,0.993,0
"ITM2B",0,0.399590853398882,0.899,0.911,0
"YBX1",0,0.390093169883968,0.802,0.791,0
"RPL8",0,-0.573639861427687,0.977,0.988,0
"FTH1",0,2.36095281147416,0.999,0.988,0
"RPL36",0,-0.830518618138671,0.977,0.988,0
"RPS23",0,-1.04071947094672,0.982,0.992,0
"MALAT1",0,-0.372274750767731,0.99,1,0
"PFN1",0,0.270090047411532,0.96,0.97,0
"RPL26",0,-0.555117825188852,0.979,0.989,0
"RPL13",0,-1.13432414670887,0.987,0.996,0
"RPL23",0,0.281128738555464,0.839,0.83,0
"RPL19",0,-0.946501379195554,0.986,0.995,0
"GMFG",0,0.288808691712214,0.804,0.795,0
"RPL22",0,-0.632918632214436,0.974,0.982,0
"RPL35A",0,-0.909352986030117,0.979,0.987,0
"RPL30",0,-1.18750379770113,0.988,0.996,0
"TPT1",0,-0.77866977869487,0.983,0.991,0
"RPS27A",0,-1.18820338771558,0.989,0.996,0
"RPS14",0,-1.05599378951207,0.985,0.992,0
"EEF1A1",0,-1.39205117747803,0.992,0.999,0
"RPS15",0,-0.655398359023658,0.986,0.993,0
"RPL11",0,-0.808820698672509,0.989,0.995,0
"RPS8",0,-0.931290277709,0.989,0.995,0
"ATP5L",0,0.294573776800063,0.899,0.893,0
"MT-CO2",0,0.322719732812003,0.994,1,0
"RPL37",0,-0.836283836971639,0.989,0.994,0
"CFL1",0,0.493051976647179,0.917,0.912,0
"RPS15A",0,-1.12967683303436,0.99,0.995,0
"RPS12",0,-1.36852676271554,0.993,0.997,0
"RPL10",0,-1.12920549408451,0.994,0.998,0
"RPL12",0,-0.610744459519243,0.986,0.99,0
"MT-CO1",0,0.755753748222394,0.995,0.999,0
"TMSB10",0,0.694121950351978,0.999,0.996,0
"RPL32",0,-1.09549521736629,0.992,0.995,0
"FAU",0,-0.350635122038962,0.988,0.991,0
"MT-ND1",0,0.671638980481288,0.978,0.98,0
"ACTB",0,1.03021399817539,0.995,0.996,0
"RPL39",0,-0.43963000343362,0.995,0.994,0
"RPLP2",0,-0.51316338772057,0.991,0.99,0
"RPL34",0,-0.882239074273528,0.994,0.994,0
"TMSB4X",0,0.33417059111633,0.997,0.997,0
"RPS13",0,-0.352381072138956,0.989,0.989,0
"RPLP1",0,-0.368687047724436,0.998,0.998,0
"RPS28",0,-0.728411536100561,0.993,0.993,0
"RPL28",0,-0.447588024746247,0.997,0.997,0
"FBL",5.92878775009496e-323,-1.05344263691752,0.303,0.448,1.33065712263131e-318
"NAP1L4",2.72388271865196e-319,-1.55431035292497,0.154,0.302,6.11348237374246e-315
"MZT2A",8.66255178166374e-319,-1.13275797122726,0.17,0.328,1.94422312187661e-314
"TPR",3.69993158438297e-312,-1.38386477510263,0.254,0.396,8.30412644798913e-308
"SPTAN1",8.6707438904427e-311,-1.73816336143198,0.12,0.262,1.94606175877096e-306
"RP11-51J9.5",7.27839528544392e-309,-1.3965350675632,0.15,0.3,1.63356303786503e-304
"RPS9",2.08442880507527e-306,-0.265528335272877,0.958,0.968,4.67829201011093e-302
"TOMM20",1.0483239398832e-303,-0.695253763163854,0.48,0.607,2.35285825067386e-299
"NUCB2",5.02758200395376e-301,-1.55716156046106,0.146,0.288,1.12839050496738e-296
"AC241585.2",5.52410391787273e-300,-1.61356483117669,0.129,0.269,1.23982988332735e-295
"SRSF5",1.85741126895187e-299,-0.548696168744902,0.63,0.748,4.16877385203558e-295
"PIM1",5.91966076392104e-297,-1.16707448266253,0.242,0.393,1.32860866185444e-292
"EIF3H",2.27964205999405e-292,-0.531870185178964,0.641,0.757,5.11642863945064e-288
"PPP2R5C",1.64037489707572e-291,-1.151002890981,0.27,0.414,3.68165741899675e-287
"SMDT1",1.73594993184735e-274,-0.574123828944142,0.578,0.688,3.89616602703818e-270
"APRT",1.12954595238502e-271,-0.511090597700273,0.623,0.733,2.53515293553294e-267
"BIRC3",2.91293479862104e-271,-1.52510858028165,0.119,0.253,6.53779086202505e-267
"ICAM3",6.70630668960357e-271,-0.858049881662352,0.368,0.497,1.50516347341463e-266
"TRADD",2.39693020540402e-269,-1.45533000204037,0.191,0.321,5.37967015300879e-265
"EMD",4.41984840349525e-265,-0.896952999506234,0.322,0.451,9.91990775680475e-261
"GTF3A",3.37074955830898e-263,-0.783354594118579,0.402,0.522,7.56531030866867e-259
"PDCD4",1.0650409105457e-262,-1.16151063937631,0.213,0.349,2.39037781962877e-258
"MPHOSPH8",4.69355429799238e-262,-1.06244024281824,0.277,0.409,1.05342132664141e-257
"RGCC",1.35860452320822e-250,-0.745609512499706,0.201,0.356,3.04925199188853e-246
"PIK3R1",7.23338455572105e-247,-1.26955418040701,0.183,0.314,1.62346082968603e-242
"CYTIP",1.24449904831811e-246,-0.86562635878142,0.322,0.45,2.79315366404516e-242
"BTF3",6.71911889212138e-246,-0.283865241837186,0.877,0.945,1.50803904414772e-241
"CDKN1B",3.79511352499928e-244,-1.0685885801645,0.249,0.377,8.51775279550837e-240
"ANXA2R",1.52511434770596e-243,-1.22320474431123,0.129,0.256,3.42296664199125e-239
"COMMD6",1.89670725267767e-242,-0.311529462679794,0.837,0.899,4.25696975790975e-238
"KLF2",2.75071209623752e-240,-0.466663178010993,0.601,0.72,6.17369822879548e-236
"RBMX",6.52912070812094e-240,-0.854586358626518,0.331,0.452,1.46539585173066e-235
"CYTH1",1.25182270731701e-239,-0.916408004222427,0.335,0.456,2.8095908843023e-235
"C9orf78",3.54478244969215e-239,-0.87769407832451,0.313,0.435,7.95590973008905e-235
"ZC3HAV1",1.8560280623151e-235,-1.01221768704868,0.245,0.375,4.16566938306001e-231
"CLDND1",1.9464397919586e-235,-1.43564103425753,0.17,0.294,4.36858946907187e-231
"BCAS2",2.1723990435712e-235,-1.14586596432686,0.198,0.323,4.87573241339119e-231
"FXYD5",1.78752368005861e-233,-0.357860875377439,0.855,0.932,4.01191814752354e-229
"JAK1",4.53953602642059e-233,-0.764896951486554,0.41,0.524,1.01885346576984e-228
"PAG1",1.83521383924759e-231,-1.33309188337934,0.149,0.275,4.11895394080729e-227
"SKP1",4.1634922975984e-231,-0.39572274788594,0.664,0.77,9.34454211272985e-227
"PABPC1",2.70139810920056e-230,-0.272023811912295,0.913,0.965,6.06301791628973e-226
"CCNI",1.95880825882373e-229,-0.386134422939653,0.751,0.854,4.39634925610399e-225
"HSPB1",1.10452152962679e-224,0.801700607021851,0.315,0.481,2.47898812109438e-220
"BUB3",5.22578968324864e-224,-1.1934608654702,0.18,0.3,1.17287623650832e-219
"YWHAZ",8.85870875565448e-223,-0.447030607836344,0.686,0.778,1.98824859311909e-218
"FAM162A",4.97273436761697e-222,-1.06842663549902,0.167,0.291,1.11608050146795e-217
"BIN2",1.5851949714841e-220,-0.768059751805766,0.367,0.481,3.55781159399892e-216
"IKZF1",2.68487807734289e-216,-0.911293932884066,0.296,0.417,6.02594035678838e-212
"PHB2",1.43169951176447e-215,-0.748652198739628,0.393,0.496,3.21330638420418e-211
"CYLD",5.58037874140109e-213,-1.11978353080846,0.226,0.345,1.25246020472006e-208
"BTG2",8.43546001511898e-213,-0.641314778758578,0.548,0.643,1.8932546457933e-208
"TTC39C",3.19089408726537e-211,-1.18497914821276,0.221,0.337,7.1616426894584e-207
"VPS51",1.89376035783685e-209,-1.00846315082854,0.247,0.361,4.25035574712902e-205
"PPDPF",3.97190166072321e-203,-0.391437610323955,0.733,0.829,8.91453608732716e-199
"PTPRC",1.83900814354065e-201,-0.497981532822811,0.751,0.853,4.12746987736263e-197
"MT-ND6",5.07250380869441e-196,-0.61307439120949,0.388,0.513,1.13847275482337e-191
"ATP1A1",3.84228702163425e-195,-0.88351114380092,0.277,0.388,8.62362899135592e-191
"C1QBP",1.91497922091275e-188,-0.738099778214228,0.35,0.45,4.29797936341657e-184
"RASGRP2",1.49095411589012e-185,-0.752560833576189,0.334,0.441,3.34629741770378e-181
"HERPUD2",8.18218922520505e-184,-1.16214303011695,0.166,0.274,1.83641054970502e-179
"GNG2",1.77086873605019e-183,-0.982011568470314,0.179,0.292,3.97453779119104e-179
"ICAM2",2.02015588370458e-182,-0.958844999718042,0.259,0.364,4.53403786538656e-178
"MFNG",1.39848030704462e-181,-1.12012089057226,0.205,0.309,3.13874920113094e-177
"NSA2",3.89946505425589e-180,-0.532539331512493,0.532,0.616,8.75195936777192e-176
"RNF126",4.38808862545811e-178,-1.17780851780986,0.166,0.27,9.84862611097818e-174
"DNAJC19",4.5250799400874e-176,-1.0430791051752,0.185,0.289,1.01560894175322e-171
"PSMD5-AS1",2.12315042021905e-173,-1.05586648284941,0.158,0.264,4.76519880313964e-169
"RBM3",2.5806645800047e-173,-0.419209983005871,0.618,0.712,5.79204358336255e-169
"TTC3",8.36650373566394e-173,-1.05995269930021,0.218,0.321,1.87777809843241e-168
"SLC9A3R1",1.03552590325033e-172,-0.791801040787333,0.316,0.417,2.32413433725505e-168
"ISCU",2.05401669811762e-172,-0.522341967136714,0.447,0.538,4.61003507725519e-168
"DUSP2",7.80168866790372e-167,-0.847603793891997,0.359,0.468,1.75101100462431e-162
"RARRES3",7.91828224981134e-165,-0.488229115585575,0.479,0.583,1.77717926814766e-160
"SON",8.23159773404017e-165,-0.441741144914996,0.603,0.685,1.84749979542798e-160
"ARID4B",4.33786819151161e-163,-0.95517854630024,0.251,0.352,9.73591136902866e-159
"ANXA11",1.2905777483375e-157,-0.544773997066937,0.452,0.535,2.89657269836868e-153
"MAT2B",1.49510056389074e-157,-0.898741416825776,0.261,0.354,3.35560370559638e-153
"TRAPPC6A",1.50030332461578e-157,-1.0947900106258,0.169,0.265,3.36728078176765e-153
"ZNF331",2.89308100569444e-157,-0.745525971334075,0.191,0.303,6.4932310091806e-153
"TUBA4A",1.18115949968218e-156,-0.895339760681553,0.192,0.295,2.65099438108668e-152
"MAPRE2",5.7960906777846e-155,-1.01089542633703,0.205,0.304,1.30087459172198e-150
"SNRPA1",1.80067041613675e-151,-0.98098443737614,0.211,0.306,4.04142468197733e-147
"PRMT1",8.58418272299576e-151,-1.13012832179322,0.163,0.256,1.92663397034917e-146
"XRCC6",1.18009760334195e-149,-0.658043984543934,0.364,0.45,2.64861106094068e-145
"SPSB3",4.11097074507655e-149,-0.759873243941824,0.32,0.41,9.22666274024981e-145
"HAX1",2.49336035346616e-147,-0.797382743028836,0.261,0.353,5.59609797731945e-143
"SEPW1",1.65408522495807e-145,-0.435756746646798,0.44,0.53,3.71242887889589e-141
"EPB41L4A-AS1",8.79836013245649e-144,-1.0125701900372,0.175,0.267,1.97470394812854e-139
"LRP10",8.13275989477071e-142,-1.07422926198633,0.194,0.283,1.82531663078234e-137
"CCT7",2.32118463033987e-140,-0.96947845409281,0.218,0.305,5.20966678433481e-136
"KMT2E",7.92303149319488e-140,-0.569534459789589,0.411,0.494,1.77824518833266e-135
"TBRG1",8.72800850743036e-139,-0.760004474932316,0.293,0.383,1.95891422940767e-134
"CCNH",3.46426752152358e-138,-0.885915374079586,0.243,0.333,7.77520202530751e-134
"UBB",1.79096031368341e-136,-0.282519019160693,0.67,0.745,4.01963132803104e-132
"CHD2",3.65838191975021e-134,-0.853162809200308,0.242,0.332,8.21087238068736e-130
"HMHA1",4.60317474823009e-131,-0.650101227232671,0.36,0.439,1.03313654049276e-126
"R3HDM4",1.56512987311165e-130,-0.786865905482665,0.256,0.342,3.51277748721179e-126
"KIAA1551",1.04456445625064e-128,-0.949007681142445,0.248,0.333,2.34442046560893e-124
"CD47",1.6729161553092e-128,-0.717103175142699,0.349,0.425,3.75469301897596e-124
"CNBP",1.64642441876534e-127,-0.318587213740331,0.668,0.76,3.69523496547693e-123
"ZRANB2",1.18976254674885e-124,-0.994953346755147,0.211,0.295,2.67030305992311e-120
"ARL4C",1.28248156773666e-124,-0.549154166377156,0.299,0.4,2.87840163062816e-120
"SEPT7",4.11303965657733e-124,-0.525787601353719,0.407,0.483,9.23130620522217e-120
"GPSM3",7.05119730418827e-124,-0.296828261293679,0.716,0.792,1.58257072295202e-119
"ARGLU1",2.29809584787166e-123,-0.57506929951073,0.424,0.494,5.15784632096315e-119
"RAN",4.731349107649e-123,-0.394961431412109,0.544,0.617,1.06190399372074e-118
"HDAC1",8.97420186005419e-123,-0.987189638410969,0.177,0.259,2.01416986547056e-118
"TOB1",1.23327910197261e-121,-0.828091330982336,0.216,0.303,2.76797161646732e-117
"C19orf66",1.68805974887052e-115,-0.769740021564918,0.257,0.337,3.788681300365e-111
"INO80E",3.0135482801005e-114,-0.948063974458852,0.192,0.271,6.76360775985756e-110
"ZNF428",7.68786147438197e-113,-0.851248049428769,0.207,0.286,1.72546362931029e-108
"NOL7",1.58774514677039e-112,-0.699185978051001,0.315,0.385,3.56353520741147e-108
"RPL36A",2.29314545183264e-111,0.310513230040924,0.77,0.826,5.14673565209318e-107
"C11orf58",5.91584525792821e-111,-0.450662452167221,0.452,0.517,1.32775230968941e-106
"DSTN",2.9771108269095e-110,-0.693616217957712,0.227,0.308,6.68182753991567e-106
"ILF3-AS1",3.21690920285581e-110,-0.830779989877693,0.176,0.256,7.22003101488959e-106
"CYCS",1.84813438544281e-108,-0.552383181400158,0.365,0.436,4.14795281468785e-104
"SF3A2",2.65955690850158e-108,-0.739311439013939,0.268,0.341,5.96910952544094e-104
"DEF6",4.18378972484172e-108,-0.873018798414194,0.219,0.294,9.39009765843476e-104
"MAX",8.46602895058761e-108,-0.605290090615288,0.302,0.378,1.90011553766988e-103
"RAD21",8.84683237451184e-108,-0.854666414966311,0.227,0.303,1.98558305813544e-103
"FNBP4",1.03260317593405e-107,-0.832796384107669,0.255,0.331,2.31757456806639e-103
"POLR3GL",4.751223432407e-107,-0.780349295836153,0.228,0.304,1.06636458716943e-102
"HNRNPH3",1.279514762031e-104,-0.636912268841903,0.338,0.406,2.87174293190238e-100
"EIF2S3",3.42348649279186e-104,-0.492312242635246,0.428,0.494,7.68367308442205e-100
"TERF2IP",1.67746034990862e-103,-0.748297128162932,0.244,0.319,3.7648920093349e-99
"RSRP1",5.67114266545953e-103,-0.512448883653098,0.416,0.488,1.27283125983574e-98
"IL27RA",6.32055670740315e-103,-0.967189943117607,0.182,0.257,1.41858574740956e-98
"TAF1D",3.61229790387274e-102,-0.618512740162539,0.31,0.383,8.10744141545198e-98
"GOLGA7",3.80710350446317e-102,-0.750098715596711,0.233,0.306,8.54466310541714e-98
"CCT3",1.09012248702763e-100,-0.789767889934348,0.23,0.302,2.44667090988482e-96
"PNRC1",7.07773872402302e-98,-0.272986663882426,0.642,0.698,1.58852767921973e-93
"CRBN",7.43591915297798e-98,-0.860934912218251,0.203,0.275,1.66891769469438e-93
"EIF3D",1.90759603649808e-96,-0.561591002517784,0.37,0.431,4.28140854431628e-92
"EZR",1.87479432963549e-95,-0.716308537202691,0.279,0.35,4.2077883934339e-91
"VAMP2",5.88753417134786e-95,-0.641019440869806,0.286,0.357,1.32139816941731e-90
"SRSF11",8.56146461877169e-94,-0.566053749515956,0.424,0.482,1.92153511903712e-89
"CLPP",2.278339687688e-92,-0.856520764488991,0.187,0.256,5.11350559504694e-88
"CDC37",7.0513110780841e-92,-0.379169630960543,0.522,0.585,1.5825962583652e-87
"MARCKSL1",3.28976888922394e-91,-0.739580245774361,0.208,0.281,7.38355729497421e-87
"ATPIF1",1.90546258926965e-90,-0.325793130727562,0.5,0.559,4.27662023535679e-86
"SRPRA",1.66028178632249e-88,-0.93376588101279,0.188,0.255,3.72633644122221e-84
"TNRC6B",3.18963454852669e-88,-0.713474885446859,0.261,0.331,7.1588157807133e-84
"RSL1D1",3.55484837295576e-87,-0.463584799586509,0.438,0.492,7.9785016882619e-83
"BTN3A2",5.42664089608241e-87,-0.823633671407089,0.223,0.291,1.21795528271674e-82
"SRP9",9.17851633966541e-87,-0.460221875409755,0.413,0.469,2.0600262072745e-82
"HP1BP3",1.68227141618234e-86,-0.589514062168161,0.35,0.409,3.77568996647965e-82
"CD48",9.02623982665916e-86,-0.256576258401701,0.661,0.741,2.02584926669538e-81
"EIF5A",4.69642466130908e-85,-0.353656859635893,0.493,0.549,1.05406555098421e-80
"C6orf48",2.0562280108521e-84,-0.674868257455449,0.187,0.257,4.61499814755644e-80
"DAP3",8.54680179112112e-83,-0.778748761227755,0.224,0.287,1.91824419399922e-78
"ZNF292",5.19670283490476e-82,-0.872598664714042,0.184,0.251,1.16634798426603e-77
"ACP1",6.88565161792428e-82,-0.571289282920421,0.293,0.351,1.54541564912692e-77
"SEC11C",1.37146936518585e-81,-0.784924166023551,0.208,0.271,3.07812584322311e-77
"CORO1B",3.31509253610602e-81,-0.741317477525674,0.311,0.364,7.44039368803636e-77
"STRAP",6.61591247837978e-81,-0.599844015738589,0.301,0.358,1.48487539664756e-76
"LSM14A",2.81370247272376e-80,-0.652405467066185,0.269,0.329,6.31507382978121e-76
"RNF167",1.65130806147577e-77,-0.737855969778167,0.233,0.293,3.70619581317623e-73
"WIPF1",2.359478987409e-76,-0.546779338351371,0.358,0.409,5.29561463934076e-72
"UBXN1",9.49410120553953e-75,-0.307852853755801,0.553,0.607,2.13085607457129e-70
"SHISA5",1.23930818210175e-74,-0.474659885683461,0.401,0.448,2.78150328390917e-70
"PNN",1.00965675370476e-73,-0.630545440482823,0.291,0.349,2.26607361801497e-69
"KRT10",2.26990498684715e-73,-0.430403125367795,0.35,0.405,5.09457475247974e-69
"TMUB1",1.57349557386519e-72,-0.770987655714045,0.19,0.25,3.53155346598303e-68
"LITAF",3.85981996129839e-72,-0.26081185663261,0.455,0.516,8.6629799211381e-68
"PMPCB",5.28743980337643e-72,-0.841186627827497,0.193,0.251,1.18671298946981e-67
"GPR183",1.04402713847961e-70,-0.470394267396026,0.192,0.266,2.34321450960363e-66
"FGD3",5.72779668112002e-68,-0.728764594236458,0.207,0.266,1.28554668711058e-63
"ARL2BP",7.55760404924991e-68,-0.737494108775039,0.195,0.251,1.69622865281365e-63
"ARL6IP5",1.59484137643421e-67,-0.358058826843153,0.556,0.595,3.57946198526894e-63
"FNBP1",2.93786993132102e-67,-0.607186553205282,0.333,0.381,6.5937552738569e-63
"EAPP",9.17907320009784e-66,-0.60313405603975,0.263,0.316,2.06015118902996e-61
"SF3A1",1.07712959601651e-65,-0.734648320057989,0.214,0.268,2.41750966529945e-61
"SORL1",1.83484804861103e-65,-0.635762298065939,0.269,0.327,4.1181329603026e-61
"N4BP2L2",2.8473250338607e-65,-0.497984473009609,0.407,0.451,6.39053630599697e-61
"TAF7",5.09822012921846e-65,-0.671036352133109,0.199,0.257,1.14424452580179e-60
"HNRNPM",9.34341500299513e-65,-0.468342214116895,0.377,0.421,2.09703606327223e-60
"RBM4",1.5627044911013e-64,-0.715669455067719,0.228,0.281,3.50733395982775e-60
"CCT4",3.02610692582357e-64,-0.458372867517283,0.344,0.39,6.79179438431841e-60
"PYURF",3.51145308454931e-64,-0.398600117320456,0.381,0.425,7.88110530296248e-60
"SEMA4D",1.88177566361801e-62,-0.660629058309742,0.233,0.289,4.22345729942427e-58
"PNRC2",4.91851223382573e-62,-0.608580865196491,0.247,0.299,1.10391088575985e-57
"EMB",8.49081679558511e-62,-0.715159542952165,0.218,0.274,1.90567892160112e-57
"PPP1CC",1.95083789004576e-61,-0.460092272686072,0.365,0.408,4.37846056041871e-57
"SECISBP2",2.52301227158211e-61,-0.748918450282621,0.208,0.261,5.66264874233889e-57
"DDX18",2.08616945717193e-60,-0.536504530817729,0.31,0.356,4.68219872967669e-56
"CIB1",3.19035586076996e-60,-0.292660342295138,0.504,0.542,7.1604346939121e-56
"ALOX5AP",1.40777444243776e-59,0.571145350779412,0.254,0.339,3.15960895860731e-55
"APEX1",4.40596889648841e-59,-0.529573075262409,0.317,0.363,9.88875659127858e-55
"PCNP",7.80534170858566e-59,-0.509652838612302,0.281,0.329,1.75183089307496e-54
"RASSF5",4.32148350882143e-58,-0.561558052446414,0.26,0.309,9.69913758719881e-54
"MAPK1IP1L",1.02762418254149e-56,-0.579270517263227,0.281,0.326,2.30639971529612e-52
"ILF2",1.2098130414058e-56,-0.568646399113059,0.271,0.316,2.71530439013117e-52
"CNOT7",9.0121957969139e-56,-0.583351290763534,0.272,0.316,2.02269722465936e-51
"MEAF6",1.89749625877612e-55,-0.496618644689889,0.289,0.335,4.25874060319712e-51
"CACYBP",1.98787262065449e-55,-0.465988555096149,0.257,0.306,4.46158130979693e-51
"EWSR1",2.05085320452595e-55,-0.445344886565693,0.364,0.401,4.60293493223805e-51
"LSM5",1.66751773859089e-54,-0.340920174994596,0.318,0.364,3.7425768124934e-50
"SPCS1",1.73183757319727e-54,-0.258255245031498,0.553,0.592,3.88693624928395e-50
"HSPA5",1.28318920781812e-53,-0.349105131460386,0.371,0.414,2.879989858027e-49
"SNHG9",1.65922218976397e-53,-0.533182008886959,0.198,0.251,3.72395828270626e-49
"STAT3",2.27321384367865e-53,-0.410838756405968,0.433,0.467,5.10200115075236e-49
"NCBP2-AS2",8.34620840749135e-53,-0.566762923376818,0.243,0.288,1.87322301497736e-48
"RNPS1",2.06456230498988e-51,-0.415451288741835,0.355,0.391,4.6337036373193e-47
"OCIAD1",2.09783867888858e-51,-0.478056609088457,0.33,0.368,4.70838913089753e-47
"PDAP1",5.34760640464234e-51,-0.580008957832771,0.225,0.271,1.20021678145793e-46
"TRABD",1.62669659927639e-50,-0.421532907481999,0.353,0.394,3.65095784741592e-46
"GLG1",2.60554397624158e-50,-0.652623024894636,0.249,0.293,5.8478829002766e-46
"IK",4.37542576532624e-47,-0.570570957448535,0.267,0.308,9.8202055876982e-43
"GABPB1",6.81671616760663e-47,-0.597276713598663,0.216,0.261,1.52994377665763e-42
"TSC22D4",2.29027318164173e-46,-0.523094178556286,0.274,0.313,5.14028912887671e-42
"DPP7",8.78413869457143e-46,-0.341755036044392,0.449,0.475,1.97151208860961e-41
"CMPK1",2.35116555747935e-45,-0.505399175075687,0.254,0.295,5.27695597720666e-41
"KLF3",2.3145261218284e-44,-0.523440428937316,0.327,0.36,5.19472242783166e-40
"SNRPA",2.9265344424167e-44,-0.519851188990744,0.308,0.342,6.56831390256005e-40
"SMCHD1",4.24992379723649e-44,-0.462385254836404,0.418,0.45,9.53852897051758e-40
"PSMC5",4.70197798494009e-44,-0.431419128720176,0.327,0.361,1.05531193893995e-39
"SRSF2",5.5534567484134e-44,-0.312632383505888,0.472,0.5,1.2464178326139e-39
"XBP1",7.9138862532537e-44,-0.503025908231721,0.28,0.321,1.77619263068026e-39
"NECAP2",4.73739731588699e-43,-0.541600913784123,0.253,0.292,1.06326145357768e-38
"IMP3",6.81438191700385e-43,-0.493175079960135,0.281,0.316,1.52941987745234e-38
"ATRX",3.31901482767433e-42,-0.590607921675146,0.286,0.323,7.44919687923228e-38
"FGFR1OP2",7.99428274902238e-42,-0.581700979938531,0.208,0.25,1.79423682019058e-37
"MYH9",8.67371993737252e-40,-0.353724618903619,0.471,0.494,1.94672970274389e-35
"AIP",2.01341379045137e-38,-0.518405446255662,0.281,0.312,4.51890591128906e-34
"NDUFV1",4.90414119672208e-38,-0.450875853563878,0.325,0.354,1.1006854501923e-33
"PA2G4",1.78527386424367e-37,-0.359434372911145,0.362,0.39,4.00686866090849e-33
"DDIT4",4.95811392163569e-37,-0.473214676181147,0.377,0.41,1.11279908857192e-32
"NR3C1",6.31142365051246e-37,-0.567169884202118,0.273,0.302,1.41653592412102e-32
"PDCD2",2.92174836219399e-36,-0.556638188437008,0.234,0.267,6.55757202410819e-32
"UBE2N",3.01024306595244e-36,-0.469102889522231,0.265,0.297,6.75618953722367e-32
"LINC01420",3.82202577832743e-35,-0.482323593008385,0.239,0.274,8.57815465687809e-31
"EMC4",6.26478981476086e-35,-0.505759179878139,0.239,0.271,1.40606942602493e-30
"ANAPC5",3.41771667674639e-34,-0.572474538696352,0.247,0.278,7.67072330928959e-30
"DDX39A",6.59114114561735e-34,-0.531492749534631,0.246,0.277,1.47931571872236e-29
"YWHAQ",1.00448670995796e-33,-0.444995318469685,0.327,0.351,2.25446997182965e-29
"DUT",1.9564975721e-33,-0.381543016312962,0.353,0.378,4.39116315082124e-29
"PRRC2C",3.43807187407894e-33,-0.372279236395668,0.417,0.439,7.71640851418278e-29
"ELF1",3.43883436364933e-33,-0.390742324176062,0.361,0.384,7.71811984577455e-29
"UBE2B",3.64484004566371e-32,-0.275331853211796,0.423,0.44,8.18047899848763e-28
"TRAM1",7.50220195738213e-32,-0.38821728224818,0.346,0.368,1.68379420731485e-27
"ORMDL1",4.06794199284962e-31,-0.531684418382692,0.232,0.264,9.13008900875169e-27
"UFC1",1.1376417376559e-30,-0.29207511511342,0.447,0.459,2.55332311599491e-26
"STK38",4.63358345149258e-30,-0.58757098863943,0.253,0.282,1.03996146985299e-25
"TMEM14B",4.98831930366307e-30,-0.317151488253765,0.349,0.37,1.11957838451414e-25
"IDS",6.36360723610494e-30,-0.371820861581778,0.361,0.385,1.42824800807139e-25
"YPEL5",2.67146065388948e-29,-0.271113448709745,0.515,0.527,5.99582629158956e-25
"PRPF38B",3.38545057287362e-28,-0.471673893703468,0.266,0.294,7.59830526575754e-24
"NKTR",5.76789539186989e-28,-0.528127568949802,0.285,0.313,1.29454644175128e-23
"CITED2",1.46860494949582e-27,-0.365202778442314,0.336,0.367,3.29613694864842e-23
"CAMLG",1.75974700678378e-27,-0.388548689258827,0.264,0.291,3.94957618202551e-23
"TAF15",3.14260670866746e-27,-0.503163957580982,0.254,0.28,7.05326649693325e-23
"C9orf142",4.12322879308281e-27,-0.318344706291578,0.443,0.453,9.25417470319506e-23
"MBP",5.64942973634566e-26,-0.377565236545375,0.381,0.396,1.26795801002542e-21
"HNRNPR",8.25210875126669e-26,-0.453851320878321,0.273,0.296,1.8521032881343e-21
"RALY",1.02317678528183e-25,-0.293711099631523,0.371,0.387,2.29641797688654e-21
"FDFT1",4.04568128355344e-25,-0.478274706876719,0.269,0.291,9.08012707280733e-21
"UBE2V1",6.34180728316647e-25,-0.321522226282476,0.352,0.366,1.42335522663388e-20
"SF3B2",1.07300188240566e-24,-0.289685953367919,0.423,0.435,2.40824542487127e-20
"PDCD5",1.18043356715324e-24,-0.313331041787367,0.315,0.335,2.64936509811874e-20
"ELOVL5",5.92615355964168e-24,-0.485514258002204,0.269,0.288,1.33006590492598e-19
"DGCR6L",8.39103759559671e-24,-0.372393981007573,0.258,0.282,1.88328447795573e-19
"RSF1",1.95540869472199e-23,-0.501455336163545,0.244,0.269,4.38871927443403e-19
"UBAC2",2.77227994059432e-23,-0.462721709244864,0.251,0.274,6.22210509866989e-19
"U2SURP",7.11271922837114e-23,-0.395974879138211,0.306,0.324,1.59637870361562e-18
"NHP2",1.09437496424515e-22,-0.273848054737318,0.337,0.353,2.45621516975181e-18
"SF3B1",1.70001660980954e-22,-0.344596925827324,0.414,0.424,3.81551727905653e-18
"DCXR",2.2324261355011e-22,-0.324587321757472,0.324,0.341,5.01045721851866e-18
"PRPF8",6.40877488167338e-22,-0.578963391935706,0.228,0.25,1.43838543444277e-17
"NCOR1",7.4594190349687e-22,-0.420055532461463,0.315,0.33,1.67419200820837e-17
"SELPLG",1.8065755205919e-20,-0.351595507654813,0.388,0.397,4.05467809841646e-16
"FLI1",1.03151783870688e-19,-0.393374624165298,0.28,0.297,2.31513863719373e-15
"AUP1",5.26110626837343e-19,-0.269665278371332,0.427,0.433,1.18080269087373e-14
"EIF2A",5.38965491520474e-19,-0.432682678709132,0.276,0.291,1.20965414916855e-14
"ITGB1",3.07697829367895e-18,-0.729111775390212,0.31,0.312,6.90597008233304e-14
"HSPA9",4.15210874341461e-18,-0.424763117491671,0.236,0.255,9.31899286371976e-14
"CCDC59",2.69616124385049e-15,-0.300372924058226,0.297,0.31,6.05126429569804e-11
"COPS6",1.13999935998963e-14,-0.378693027266662,0.256,0.268,2.55861456356073e-10
"GRSF1",1.26097891945457e-14,-0.383066745122572,0.278,0.287,2.83014108682384e-10
"MPC2",2.64260030185301e-14,-0.26216982032284,0.234,0.25,5.9310521174789e-10
"ATRAID",4.58519267652663e-14,-0.264136418434311,0.334,0.338,1.02910064431964e-09
"XRCC5",1.04425157701186e-13,-0.277566533089644,0.351,0.356,2.34371823944541e-09
"NUCKS1",1.6456979039969e-13,-0.344981855987971,0.241,0.256,3.69360437573063e-09
"PTGER4",1.46711662142247e-12,-0.405313922245482,0.249,0.262,3.29279654512059e-08
"PPIG",2.1669155571281e-12,-0.25455814630264,0.345,0.35,4.86342527641831e-08
"GPBP1",2.53267899300741e-12,-0.305028582178363,0.266,0.277,5.68434473190583e-08
"DHRS7",3.23231590627451e-12,-0.310243850952541,0.329,0.33,7.2546098200425e-08
"PRPF4B",3.63725282077723e-12,-0.396483012550041,0.243,0.255,8.16345023095242e-08
"PPM1G",6.98487736934047e-12,-0.396720217341361,0.268,0.273,1.56768587677477e-07
"NUTF2",1.32610663738949e-11,-0.336487509928871,0.255,0.263,2.97631373695698e-07
"SNRNP70",3.07290801216472e-11,-0.369160480353153,0.273,0.28,6.8968347425025e-07
"ILF3",8.00209716441173e-11,-0.353397822448202,0.289,0.293,1.79599068758057e-06
"PSMB8-AS1",2.32222292686997e-10,-0.381404563531565,0.251,0.257,5.21199713706697e-06
"PLEKHJ1",9.30770081119002e-10,-0.304998875344104,0.245,0.252,2.08902037006349e-05
"IGBP1",1.58060912486929e-09,-0.292558983109361,0.323,0.32,3.54751911985663e-05
"RAB11B",2.04955901764143e-09,-0.282721041665963,0.304,0.304,4.60003025919442e-05
"PPP2R1A",4.44842204973423e-08,-0.283650006240318,0.319,0.314,0.000998403844842349
"SP100",1.0978194090096e-07,-0.289219736669009,0.371,0.36,0.00246394588158115
"PIN1",2.44482106094353e-07,-0.285715569707259,0.29,0.287,0.00548715638918167
"TIAL1",5.2329107877965e-07,-0.336507807638783,0.257,0.258,0.0117447449721305
"KPNB1",1.70087170697813e-06,-0.276390742322629,0.302,0.3,0.0381743645914171
"OGT",6.75250714680952e-05,-0.412933631356144,0.274,0.271,1
"NUDC",8.91031783766911e-05,-0.260973349000963,0.255,0.251,1
"THRAP3",0.000101686348457911,-0.276634038009687,0.265,0.261,1
"GIMAP1",0.00406191848087506,-0.253648738321881,0.289,0.279,1
"MGEA5",0.0328733344733359,-0.328382475643383,0.253,0.244,1
"ANKRD44",0.233174365307153,-0.251890133876297,0.325,0.291,1
"LUC7L3",0.875390536262473,-0.255175196467119,0.32,0.293,1
